wp_id,wp_title,wp_url,wp_slug,wp_status,matched_path,match_kind,match_confidence,migration_status,review_risk,notes
3550,3D Secure - Out of band Authentication,https://developer.sprint.paymentology.com/3d-secure-out-of-band/,3d-secure-out-of-band,publish,docs/documentation/3d-secure-out-of-band.md,url_leaf,0.85,matched,medium,
3581,Activate,https://developer.sprint.paymentology.com/profile-api-reference/activate/,activate,publish,docs/profile-api-reference/activate.md,url_path,1.0,matched,high,
3584,ActivateToken,https://developer.sprint.paymentology.com/profile-api-reference/activatetoken/,activatetoken,publish,docs/card-api/api-reference-card/activatetoken.md,url_leaf,0.85,matched,,
4350,ActivateToken,https://developer.sprint.paymentology.com/card-api/api-reference/activatetoken/,activatetoken,publish,docs/card-api/api-reference-card/activatetoken.md,url_leaf,0.85,matched,,
4660,AllocateIBAN,https://developer.sprint.paymentology.com/profile-api-reference/allocateiban/,allocateiban,publish,docs/profile-api-reference/allocateiban.md,url_path,1.0,matched,high,
313,API Reference Sample,https://developer.sprint.paymentology.com/api-reference-sample/,api-reference-sample,publish,docs/documentation/api-reference-sample.md,title,0.75,needs-review,,
5116,Ask AI,https://developer.sprint.paymentology.com/get-started/ask-ai/,ask-ai,publish,docs/Getting Started/ask-ai.md,title,0.75,needs-review,,
3742,Authorisation income report,https://developer.sprint.paymentology.com/companion-api/reports/authorisation-income-report/,authorisation-income-report,publish,docs/card-api/reports/authorisation-income-report.md,url_leaf,0.85,matched,high,
4009,Authorisation income report,https://developer.sprint.paymentology.com/card-api/reports/authorisation-income-report/,authorisation-income-report,publish,docs/card-api/reports/authorisation-income-report.md,url_path,1.0,matched,high,
3034,Balance,https://developer.sprint.paymentology.com/profile-api-reference/balance/,balance,publish,docs/companion-api/api-reference-companion/remote/balance.md,url_leaf,0.85,matched,,
4402,Blocked transactions report,https://developer.sprint.paymentology.com/card-api/reports/blocked-transactions-report/,blocked-transactions-report,publish,docs/card-api/reports/blocked-transactions-report.md,url_path,1.0,matched,high,
4411,Blocked transactions report,https://developer.sprint.paymentology.com/companion-api/reports/blocked-transactions-report/,blocked-transactions-report,publish,docs/card-api/reports/blocked-transactions-report.md,url_leaf,0.85,matched,high,
3623,CalculateTAV,https://developer.sprint.paymentology.com/card-api/api-reference/calculatetav/,calculatetav,publish,docs/card-api/api-reference-card/calculatetav.md,url_leaf,0.85,matched,,
3627,CalculateTAV,https://developer.sprint.paymentology.com/profile-api-reference/calculatetav-2/,calculatetav-2,publish,docs/profile-api-reference/calculatetav-2.md,url_path,1.0,matched,high,
4696,CancelScheduledStop,https://developer.sprint.paymentology.com/profile-api-reference/cancelscheduledstop/,cancelscheduledstop,publish,docs/profile-api-reference/cancelscheduledstop.md,url_path,1.0,matched,high,
3310,CancelStopCard,https://developer.sprint.paymentology.com/profile-api-reference/cancelstopcard/,cancelstopcard,publish,docs/profile-api-reference/cancelstopcard.md,url_path,1.0,matched,high,
16,Card API,https://developer.sprint.paymentology.com/card-api/,card-api,publish,,,0.0,missing,high,"No ReadMe candidate matched URL path, slug, filename, or title."
3736,Card balance report,https://developer.sprint.paymentology.com/card-api/reports/card-balance-report/,card-balance-report,publish,docs/card-api/reports/card-balance-report.md,url_path,1.0,matched,,
4021,Card balance report,https://developer.sprint.paymentology.com/companion-api/reports/card-balance-report/,card-balance-report,publish,docs/card-api/reports/card-balance-report.md,url_leaf,0.85,matched,,
3304,CardDetail,https://developer.sprint.paymentology.com/profile-api-reference/carddetail/,carddetail,publish,docs/card-api/api-reference-card/carddetail.md,url_leaf,0.85,matched,,
2423,ChangePin,https://developer.sprint.paymentology.com/profile-api-reference/changepin/,changepin,publish,docs/card-api/api-reference-card/changepin.md,url_leaf,0.85,matched,,
2905,Chargeback API,https://developer.sprint.paymentology.com/chargeback-api/,chargeback-api,publish,,,0.0,missing,high,"No ReadMe candidate matched URL path, slug, filename, or title."
4193,Chargeback reason codes,https://developer.sprint.paymentology.com/chargeback-api/chargeback-reason-codes/,chargeback-reason-codes,publish,docs/chargeback-api/chargeback-reason-codes.md,url_path,1.0,matched,high,
4718,CheckAuthorisation,https://developer.sprint.paymentology.com/profile-api-reference/checkauthorisation/,checkauthorisation,publish,docs/profile-api-reference/checkauthorisation.md,url_path,1.0,matched,high,
4710,CheckLoad,https://developer.sprint.paymentology.com/profile-api-reference/checkload/,checkload,publish,docs/profile-api-reference/checkload.md,url_path,1.0,matched,high,
14,Companion API,https://developer.sprint.paymentology.com/companion-api/,companion-api,publish,,,0.0,missing,high,"No ReadMe candidate matched URL path, slug, filename, or title."
4246,Connectivity,https://developer.sprint.paymentology.com/chargeback-api/connectivity/,connectivity,publish,docs/chargeback-api/connectivity.md,url_path,1.0,matched,high,
498,Contact us,https://developer.sprint.paymentology.com/contact-us/,contact-us,publish,docs/documentation/contact-us.md,title,0.75,needs-review,medium,
4970,CreateLinkedCardMaskedResponse,https://developer.sprint.paymentology.com/companion-api/api-reference/local-api/createlinkedcardmaskedresponse/,createlinkedcardmaskedresponse,publish,docs/companion-api/api-reference-companion/local-api/createlinkedcardmaskedresponse.md,title,0.75,needs-review,,
4704,CreateScheduledStop,https://developer.sprint.paymentology.com/profile-api-reference/createscheduledstop/,createscheduledstop,publish,docs/profile-api-reference/createscheduledstop.md,url_path,1.0,matched,high,
3302,CreateVirtualCard,https://developer.sprint.paymentology.com/profile-api-reference/createvirtualcard/,createvirtualcard,publish,docs/card-api/api-reference-card/createvirtualcard.md,url_leaf,0.85,matched,,
5023,Daily negative balance report,https://developer.sprint.paymentology.com/companion-api/reports/daily-negative-balance-report/,daily-negative-balance-report,publish,docs/card-api/reports/daily-negative-balance-report.md,url_leaf,0.85,matched,high,
5092,Daily negative balance report,https://developer.sprint.paymentology.com/card-api/reports/daily-negative-balance-report/,daily-negative-balance-report,publish,docs/card-api/reports/daily-negative-balance-report.md,url_path,1.0,matched,high,
4416,Daily sales and redemption report,https://developer.sprint.paymentology.com/card-api/reports/daily-sales-and-redemption-report/,daily-sales-and-redemption-report,publish,docs/card-api/reports/daily-sales-and-redemption-report.md,url_path,1.0,matched,,
4430,Daily sales and redemption report,https://developer.sprint.paymentology.com/companion-api/reports/daily-sales-and-redemption-report/,daily-sales-and-redemption-report,publish,docs/card-api/reports/daily-sales-and-redemption-report.md,url_leaf,0.85,matched,,
4105,Daily statement report,https://developer.sprint.paymentology.com/card-api/reports/daily-statement-report/,daily-statement-report,publish,docs/card-api/reports/daily-statement-report.md,url_path,1.0,matched,,
4116,Daily statement report,https://developer.sprint.paymentology.com/companion-api/reports/daily-statement-report/,daily-statement-report,publish,docs/card-api/reports/daily-statement-report.md,url_leaf,0.85,matched,,
3036,DeductCardLoadProfile,https://developer.sprint.paymentology.com/profile-api-reference/deductcardloadprofile/,deductcardloadprofile,publish,docs/profile-api-reference/deductcardloadprofile.md,url_path,1.0,matched,high,
3588,DeleteToken,https://developer.sprint.paymentology.com/profile-api-reference/deletetoken/,deletetoken,publish,docs/companion-api/api-reference-companion/local-api/deletetoken.md,url_leaf,0.85,matched,,
4724,DeLinkCard,https://developer.sprint.paymentology.com/profile-api-reference/delinkcard/,delinkcard,publish,docs/profile-api-reference/delinkcard.md,url_path,1.0,matched,high,
4728,DevalueProfile,https://developer.sprint.paymentology.com/profile-api-reference/devalueprofile/,devalueprofile,publish,docs/profile-api-reference/devalueprofile.md,url_path,1.0,matched,high,
2809,generateTimeBasedSecret,https://developer.sprint.paymentology.com/generatetimebasedsecret/,generatetimebasedsecret,publish,docs/companion-api/api-reference-companion/local-api/generatetimebasedsecret.md,url_leaf,0.85,matched,,
3448,GenerateTimeBasedSecret,https://developer.sprint.paymentology.com/companion-api/api-reference/local-api/generatetimebasedsecret/,generatetimebasedsecret,publish,docs/companion-api/api-reference-companion/local-api/generatetimebasedsecret.md,url_leaf,0.85,matched,,
4574,GenerateTimeBasedSecret,https://developer.sprint.paymentology.com/profile-api-reference/generatetimebasedsecret/,generatetimebasedsecret,publish,docs/companion-api/api-reference-companion/local-api/generatetimebasedsecret.md,url_leaf,0.85,matched,,
12,Get Started,https://developer.sprint.paymentology.com/get-started/,get-started,publish,docs/Getting Started/get-started-sprint.md,title,0.75,needs-review,,
4964,GetCardDetails,https://developer.sprint.paymentology.com/companion-api/api-reference/local-api/getcarddetails/,getcarddetails,publish,docs/companion-api/api-reference-companion/local-api/getcarddetails.md,title,0.75,needs-review,,
4736,GetScheduleStopDetail,https://developer.sprint.paymentology.com/profile-api-reference/getschedulestopdetail/,getschedulestopdetail,publish,docs/profile-api-reference/getschedulestopdetail.md,url_path,1.0,matched,high,
3771,Google Pay monthly report,https://developer.sprint.paymentology.com/card-api/reports/google-pay-monthly-report/,google-pay-monthly-report,publish,docs/card-api/reports/google-pay-monthly-report.md,url_path,1.0,matched,high,
4015,Google Pay monthly report,https://developer.sprint.paymentology.com/companion-api/reports/google-pay-monthly-report/,google-pay-monthly-report,publish,docs/card-api/reports/google-pay-monthly-report.md,url_leaf,0.85,matched,high,
1444,Help,https://developer.sprint.paymentology.com/report-generator-offline/report-generator-help/,report-generator-help,publish,docs/report-generator-offline/report-generator-help.md,url_path,1.0,matched,medium,
8,Home,https://developer.sprint.paymentology.com/,home,publish,docs/documentation/home.md,title,0.75,needs-review,,
2288,How Payments Work,https://developer.sprint.paymentology.com/how_payments_work/,how_payments_work,publish,docs/documentation/how_payments_work.md,title,0.75,needs-review,high,
3748,Inactive cards report,https://developer.sprint.paymentology.com/card-api/reports/inactive-cards-report/,inactive-cards-report,publish,docs/card-api/reports/inactive-cards-report.md,url_path,1.0,matched,,
4000,Inactive cards report,https://developer.sprint.paymentology.com/companion-api/reports/inactive-cards-report/,inactive-cards-report,publish,docs/card-api/reports/inactive-cards-report.md,url_leaf,0.85,matched,,
2746,InsertTransactionFee,https://developer.sprint.paymentology.com/profile-api-reference/inserttransactionfee/,inserttransactionfee,publish,docs/card-api/api-reference-card/inserttransactionfee.md,url_leaf,0.85,matched,,
3020,LinkCard,https://developer.sprint.paymentology.com/profile-api-reference/linkcard/,linkcard,publish,docs/card-api/api-reference-card/linkcard.md,url_leaf,0.85,matched,,
3032,LinkCardsBySequenceRange,https://developer.sprint.paymentology.com/profile-api-reference/linkcardsbysequencerange/,linkcardsbysequencerange,publish,docs/profile-api-reference/linkcardsbysequencerange.md,url_path,1.0,matched,high,
3733,Linked cards report,https://developer.sprint.paymentology.com/card-api/reports/linked-cards-report/,linked-cards-report,publish,docs/card-api/reports/linked-cards-report.md,url_path,1.0,matched,,
4027,Linked cards report,https://developer.sprint.paymentology.com/companion-api/reports/linked-cards-report/,linked-cards-report,publish,docs/card-api/reports/linked-cards-report.md,url_leaf,0.85,matched,,
3175,ListAllTokens,https://developer.sprint.paymentology.com/companion-api/api-reference/local-api/listalltokens/,listalltokens,publish,docs/card-api/api-reference-card/listalltokens.md,url_leaf,0.85,matched,,
3370,ListAllTokens,https://developer.sprint.paymentology.com/card-api/api-reference/listalltokens/,listalltokens,publish,docs/card-api/api-reference-card/listalltokens.md,url_leaf,0.85,matched,,
3592,ListAllTokens,https://developer.sprint.paymentology.com/profile-api-reference/listalltokens/,listalltokens,publish,docs/card-api/api-reference-card/listalltokens.md,url_leaf,0.85,matched,,
3590,ListTokens,https://developer.sprint.paymentology.com/profile-api-reference/listtokens/,listtokens,publish,docs/card-api/api-reference-card/listtokens.md,url_leaf,0.85,matched,,
3038,LoadCardDeductProfile,https://developer.sprint.paymentology.com/profile-api-reference/loadcarddeductprofile/,loadcarddeductprofile,publish,docs/profile-api-reference/loadcarddeductprofile.md,url_path,1.0,matched,high,
375,Login,https://developer.sprint.paymentology.com/login/,login,publish,docs/documentation/login.md,title,0.75,needs-review,,
3112,Mark-off file,https://developer.sprint.paymentology.com/companion-api/reports/mark-off-file/,mark-off-file,publish,docs/card-api/reports/mark-off-file.md,url_leaf,0.85,matched,high,
3132,Mark-off file,https://developer.sprint.paymentology.com/card-api/reports/mark-off-file/,mark-off-file,publish,docs/card-api/reports/mark-off-file.md,url_path,1.0,matched,high,
4340,MostRecentTransactions,https://developer.sprint.paymentology.com/card-api/api-reference/mostrecenttransactions/,mostrecenttransactions,publish,docs/card-api/api-reference-card/mostrecenttransactions.md,title,0.75,needs-review,,
1573,Notifications,https://developer.sprint.paymentology.com/notifications/,notifications,publish,docs/documentation/notifications.md,title,0.75,needs-review,,
4526,One-time Password (OTP) Authentication,https://developer.sprint.paymentology.com/tools/3d-secure-customization/one-time-password-otp-authentication/,one-time-password-otp-authentication,publish,docs/tools/3d-secure-customization/one-time-password-otp-authentication.md,url_path,1.0,matched,,
4528,Out-of-Band (OOB) Authentication,https://developer.sprint.paymentology.com/tools/3d-secure-customization/out-of-band-oob-authentication/,out-of-band-oob-authentication,publish,docs/tools/3d-secure-customization/out-of-band-oob-authentication.md,url_path,1.0,matched,,
4331,PrintLinkedCardWithPINBlock,https://developer.sprint.paymentology.com/companion-api/api-reference/local-api/printlinkedcardwithpinblock/,printlinkedcardwithpinblock,publish,docs/companion-api/api-reference-companion/local-api/printlinkedcardwithpinblock.md,title,0.75,needs-review,,
3,Privacy Policy,https://developer.sprint.paymentology.com/privacy-policy/,privacy-policy,publish,docs/documentation/privacy-policy.md,title,0.75,needs-review,,
4257,Process overview,https://developer.sprint.paymentology.com/chargeback-api/process-overview/,process-overview,publish,docs/chargeback-api/process-overview.md,url_path,1.0,matched,high,
2420,Profile API Reference,https://developer.sprint.paymentology.com/profile-api-reference/,profile-api-reference,publish,docs/profile-api-reference/index.md,url_path,1.0,matched,,
4054,QMR data report,https://developer.sprint.paymentology.com/card-api/reports/qmr-data-report/,qmr-data-report,publish,docs/card-api/reports/qmr-data-report.md,url_path,1.0,matched,,
4072,QMR data report,https://developer.sprint.paymentology.com/companion-api/reports/qmr-data-report/,qmr-data-report,publish,docs/card-api/reports/qmr-data-report.md,url_leaf,0.85,matched,,
760,QR Payments API,https://developer.sprint.paymentology.com/qr-payments-api/,qr-payments-api,publish,docs/qr-payments-api/index.md,url_path,1.0,matched,,
4224,Query Chargeback,https://developer.sprint.paymentology.com/chargeback-api/chargeback-api-reference/query-chargeback/,query-chargeback,publish,docs/chargeback-api/chargeback-api-reference/query-chargeback.md,url_path,1.0,matched,high,
3888,QVR data report,https://developer.sprint.paymentology.com/card-api/reports/qvr-data-report/,qvr-data-report,publish,docs/card-api/reports/qvr-data-report.md,url_path,1.0,matched,,
4049,QVR data report,https://developer.sprint.paymentology.com/companion-api/reports/qvr-data-report/,qvr-data-report,publish,docs/card-api/reports/qvr-data-report.md,url_leaf,0.85,matched,,
3048,Register,https://developer.sprint.paymentology.com/profile-api-reference/register/,register,publish,docs/profile-api-reference/register.md,url_path,1.0,matched,high,
4297,Remote Messaging API,https://developer.sprint.paymentology.com/chargeback-api/remote-messaging-api/,remote-messaging-api,publish,docs/chargeback-api/remote-messaging-api/index.md,url_path,1.0,matched,medium,
4301,Remote Messaging API: chargeback notification,https://developer.sprint.paymentology.com/chargeback-api/remote-messaging-api/remote-messaging-api-chargeback-notification/,remote-messaging-api-chargeback-notification,publish,docs/chargeback-api/remote-messaging-api/remote-messaging-api-chargeback-notification.md,url_path,1.0,matched,high,
2251,Reporting API (Card),https://developer.sprint.paymentology.com/reporting-api/,reporting-api,publish,docs/documentation/reporting-api.md,url_leaf,0.85,matched,,
4149,Reset,https://developer.sprint.paymentology.com/reset/,reset,publish,docs/documentation/reset.md,title,0.75,needs-review,,
4742,ResetPin,https://developer.sprint.paymentology.com/profile-api-reference/resetpin/,resetpin,publish,docs/companion-api/api-reference-companion/local-api/resetpin.md,url_leaf,0.85,matched,,
4617,Response and action code mapping,https://developer.sprint.paymentology.com/response-codes-2/response-and-action-code-mapping/,response-and-action-code-mapping,publish,docs/response-codes-2/response-and-action-code-mapping.md,url_path,1.0,matched,high,
4200,Response codes,https://developer.sprint.paymentology.com/chargeback-api/response-codes/,response-codes,publish,docs/chargeback-api/response-codes.md,url_path,1.0,matched,high,
1116,Response Codes - Local API,https://developer.sprint.paymentology.com/response-codes/,response-codes,publish,docs/chargeback-api/response-codes.md,url_leaf,0.85,matched,high,
1118,Response Codes - Remote API,https://developer.sprint.paymentology.com/response-codes-2/,response-codes-2,publish,docs/response-codes-2/index.md,url_path,1.0,matched,high,
4747,ReverseDeductCardLoadProfile,https://developer.sprint.paymentology.com/profile-api-reference/reversedeductcardloadprofile/,reversedeductcardloadprofile,publish,docs/profile-api-reference/reversedeductcardloadprofile.md,url_path,1.0,matched,high,
3578,ReverseDevalueProfile,https://developer.sprint.paymentology.com/reversedevalueprofile/,reversedevalueprofile,publish,docs/profile-api-reference/reversedevalueprofile.md,url_leaf,0.85,matched,high,
4753,ReverseDevalueProfile,https://developer.sprint.paymentology.com/profile-api-reference/reversedevalueprofile/,reversedevalueprofile,publish,docs/profile-api-reference/reversedevalueprofile.md,url_path,1.0,matched,high,
3046,ReverseTransactionFee,https://developer.sprint.paymentology.com/profile-api-reference/reversetransactionfee/,reversetransactionfee,publish,docs/profile-api-reference/reversetransactionfee.md,url_path,1.0,matched,high,
5153,ReverseVasTransferFunds,https://developer.sprint.paymentology.com/profile-api-reference/reversevastransferfunds/,reversevastransferfunds,publish,docs/profile-api-reference/reversevastransferfunds.md,url_path,1.0,matched,high,
4759,Statement,https://developer.sprint.paymentology.com/profile-api-reference/statement/,statement,publish,docs/card-api/api-reference-card/statement.md,url_leaf,0.85,matched,,
3306,StatementByDateRange,https://developer.sprint.paymentology.com/profile-api-reference/statementbydaterange/,statementbydaterange,publish,docs/profile-api-reference/statementbydaterange.md,url_path,1.0,matched,high,
4767,Status,https://developer.sprint.paymentology.com/profile-api-reference/status/,status,publish,docs/companion-api/api-reference-companion/local-api/status.md,url_leaf,0.85,matched,,
3308,StopCard,https://developer.sprint.paymentology.com/profile-api-reference/stopcard/,stopcard,publish,docs/card-api/api-reference-card/stopcard.md,url_leaf,0.85,matched,,
3594,StopToken,https://developer.sprint.paymentology.com/profile-api-reference/stoptoken/,stoptoken,publish,docs/card-api/api-reference-card/stoptoken.md,url_leaf,0.85,matched,,
4370,ThreeDSAuthenticationOutcome,https://developer.sprint.paymentology.com/companion-api/api-reference/local-api/threedsauthenticationoutcome/,threedsauthenticationoutcome,publish,docs/card-api/api-reference-card/threedsauthenticationoutcome.md,url_leaf,0.85,matched,,
4377,ThreeDSAuthenticationOutcome,https://developer.sprint.paymentology.com/card-api/api-reference/threedsauthenticationoutcome/,threedsauthenticationoutcome,publish,docs/card-api/api-reference-card/threedsauthenticationoutcome.md,url_leaf,0.85,matched,,
3560,ToggleVoucherFeature,https://developer.sprint.paymentology.com/card-api/api-reference/togglevoucherfeature/,togglevoucherfeature,publish,docs/card-api/api-reference-card/togglevoucherfeature.md,url_leaf,0.85,matched,,
5233,ToggleVoucherFeature,https://developer.sprint.paymentology.com/profile-api-reference/togglevoucherfeature/,togglevoucherfeature,publish,docs/card-api/api-reference-card/togglevoucherfeature.md,url_leaf,0.85,matched,,
3510,TokenApproveDeviceBinding,https://developer.sprint.paymentology.com/card-api/api-reference/tokenapprovedevicebinding/,tokenapprovedevicebinding,publish,docs/card-api/api-reference-card/tokenapprovedevicebinding.md,url_leaf,0.85,matched,,
3518,TokenApproveDeviceBinding,https://developer.sprint.paymentology.com/card-api/api-reference/tokenapprovedevicebinding-2/,tokenapprovedevicebinding-2,publish,docs/card-api/api-reference-card/tokenapprovedevicebinding-2.md,url_leaf,0.85,matched,,
3522,TokenApproveDeviceBinding,https://developer.sprint.paymentology.com/companion-api/api-reference/local-api/tokenapprovedevicebinding/,tokenapprovedevicebinding,publish,docs/card-api/api-reference-card/tokenapprovedevicebinding.md,url_leaf,0.85,matched,,
3506,TokenRemoveDeviceBinding,https://developer.sprint.paymentology.com/companion-api/api-reference/local-api/tokenremovedevicebinding/,tokenremovedevicebinding,publish,docs/card-api/api-reference-card/tokenremovedevicebinding.md,url_leaf,0.85,matched,,
3515,TokenRemoveDeviceBinding,https://developer.sprint.paymentology.com/card-api/api-reference/tokenremovedevicebinding/,tokenremovedevicebinding,publish,docs/card-api/api-reference-card/tokenremovedevicebinding.md,url_leaf,0.85,matched,,
72,Tools,https://developer.sprint.paymentology.com/tools/,tools,publish,docs/tools/index.md,url_path,1.0,matched,,
1610,Transaction Stream,https://developer.sprint.paymentology.com/tutuka-transaction-stream-2/,tutuka-transaction-stream-2,publish,docs/documentation/tutuka-transaction-stream-2.md,url_leaf,0.85,matched,,
3040,TransferFunds,https://developer.sprint.paymentology.com/profile-api-reference/transferfunds/,transferfunds,publish,docs/card-api/api-reference-card/transferfunds.md,url_leaf,0.85,matched,,
3042,TransferFundsBetweenProfiles,https://developer.sprint.paymentology.com/profile-api-reference/transferfundsbetweenprofiles/,transferfundsbetweenprofiles,publish,docs/profile-api-reference/transferfundsbetweenprofiles.md,url_path,1.0,matched,high,
3198,TransferLink,https://developer.sprint.paymentology.com/card-api/api-reference/transferlink/,transferlink,publish,docs/card-api/api-reference-card/transferlink.md,url_leaf,0.85,matched,,
4857,TransferLink,https://developer.sprint.paymentology.com/profile-api-reference/transferlink/,transferlink,publish,docs/card-api/api-reference-card/transferlink.md,url_leaf,0.85,matched,,
3597,TransferToken,https://developer.sprint.paymentology.com/profile-api-reference/transfertoken/,transfertoken,publish,docs/companion-api/api-reference-companion/local-api/transfertoken.md,url_leaf,0.85,matched,,
3601,UnStopToken,https://developer.sprint.paymentology.com/profile-api-reference/unstoptoken/,unstoptoken,publish,docs/card-api/api-reference-card/unstoptoken.md,url_leaf,0.85,matched,,
4778,UpdateAllocatedCard,https://developer.sprint.paymentology.com/profile-api-reference/updateallocatedcard/,updateallocatedcard,publish,docs/profile-api-reference/updateallocatedcard.md,url_path,1.0,matched,high,
4799,UpdateBearer,https://developer.sprint.paymentology.com/profile-api-reference/updatebearer/,updatebearer,publish,docs/companion-api/api-reference-companion/local-api/updatebearer.md,url_leaf,0.85,matched,,
4662,UpdateBearerExtended,https://developer.sprint.paymentology.com/profile-api-reference/updatebearerextended/,updatebearerextended,publish,docs/profile-api-reference/updatebearerextended.md,url_path,1.0,matched,high,
3606,UpdateProfile,https://developer.sprint.paymentology.com/updateprofile/,updateprofile,publish,docs/profile-api-reference/updateprofile.md,url_leaf,0.85,matched,high,
4773,UpdateProfile,https://developer.sprint.paymentology.com/profile-api-reference/updateprofile/,updateprofile,publish,docs/profile-api-reference/updateprofile.md,url_path,1.0,matched,high,
4787,UpdateScheduledStop,https://developer.sprint.paymentology.com/profile-api-reference/updatescheduledstop/,updatescheduledstop,publish,docs/profile-api-reference/updatescheduledstop.md,url_path,1.0,matched,high,
3599,UpdateTokenAccount,https://developer.sprint.paymentology.com/profile-api-reference/updatetokenaccount/,updatetokenaccount,publish,docs/card-api/api-reference-card/updatetokenaccount.md,url_leaf,0.85,matched,,
4792,UploadFicaDocument,https://developer.sprint.paymentology.com/profile-api-reference/uploadficadocument/,uploadficadocument,publish,docs/profile-api-reference/uploadficadocument.md,url_path,1.0,matched,high,
5146,VasTransferFunds,https://developer.sprint.paymentology.com/profile-api-reference/vastransferfunds/,vastransferfunds,publish,docs/profile-api-reference/vastransferfunds.md,url_path,1.0,matched,high,
3612,VAU transaction report,https://developer.sprint.paymentology.com/card-api/reports/vau-transaction-report/,vau-transaction-report,publish,docs/card-api/reports/vau-transaction-report.md,url_path,1.0,matched,,
4443,VAU transaction report,https://developer.sprint.paymentology.com/companion-api/reports/vau-transaction-report/,vau-transaction-report,publish,docs/card-api/reports/vau-transaction-report.md,url_leaf,0.85,matched,,
2017,3D Secure,https://developer.sprint.paymentology.com/companion-api/manage-funds/3d-secure/,3d-secure,publish,docs/companion-api/manage-funds/3d-secure.md,url_path,1.0,matched,,
1312,AddCardTag,https://developer.sprint.paymentology.com/card-api/api-reference/addcardtag/,addcardtag,publish,docs/card-api/api-reference-card/addcardtag.md,title,0.75,needs-review,,
1363,Administrative message values,https://developer.sprint.paymentology.com/companion-api/api-reference/remote/administrativemessage/administrative-message-values/,administrative-message-values,publish,docs/companion-api/api-reference-companion/remote/administrativemessage/administrative-message-values.md,title,0.75,needs-review,high,
3016,AllocateCard,https://developer.sprint.paymentology.com/profile-api-reference/allocatecard/,allocatecard,publish,docs/profile-api-reference/allocatecard.md,url_path,1.0,matched,high,
2910,Chargeback API REFERENCE,https://developer.sprint.paymentology.com/chargeback-api/chargeback-api-reference/,chargeback-api-reference,publish,docs/chargeback-api/chargeback-api-reference/index.md,url_path,1.0,matched,medium,
1778,CreateLinkedCard,https://developer.sprint.paymentology.com/companion-api/api-reference/local-api/createlinkedcard/,createlinkedcard,publish,docs/companion-api/api-reference-companion/local-api/createlinkedcard.md,title,0.75,needs-review,,
1820,Deduct,https://developer.sprint.paymentology.com/companion-api/api-reference/remote/deduct/,deduct,publish,docs/companion-api/api-reference-companion/remote/deduct.md,title,0.75,needs-review,,
1663,Digital First,https://developer.sprint.paymentology.com/companion-api/issue-cards/digital-first/,digital-first,publish,docs/companion-api/issue-cards/digital-first.md,url_path,1.0,matched,,
1030,Help,https://developer.sprint.paymentology.com/tools/checksum-generator/checksum-generator-help/,checksum-generator-help,publish,docs/tools/checksum-generator/checksum-generator-help.md,url_path,1.0,matched,,
1032,Help,https://developer.sprint.paymentology.com/tools/xml-generator/help/,help,publish,docs/tools/3d-secure-customization/help.md,url_leaf,0.85,matched,,
1038,Help,https://developer.sprint.paymentology.com/tools/simpos/help/,help,publish,docs/tools/3d-secure-customization/help.md,url_leaf,0.85,matched,,
3278,Help,https://developer.sprint.paymentology.com/tools/3d-secure-customization/help/,help,publish,docs/tools/3d-secure-customization/help.md,url_path,1.0,matched,,
153,Issue cards,https://developer.sprint.paymentology.com/companion-api/issue-cards/,issue-cards,publish,docs/companion-api/issue-cards/index.md,url_path,1.0,matched,,
204,Issue cards,https://developer.sprint.paymentology.com/card-api/issue-card/,issue-card,publish,docs/card-api/issue-card.md,url_path,1.0,matched,,
493,Local API,https://developer.sprint.paymentology.com/companion-api/api-reference/local-api/,local-api,publish,docs/companion-api/api-reference-companion/local-api/index.md,title,0.75,needs-review,,
2756,Offline PIN,https://developer.sprint.paymentology.com/companion-api/secure-cards/offline-pin/,offline-pin,publish,docs/companion-api/secure-cards/offline-pin.md,url_path,1.0,matched,,
2760,Offline PIN,https://developer.sprint.paymentology.com/card-api/secure-cards/offline-pin/,offline-pin,publish,docs/companion-api/secure-cards/offline-pin.md,url_leaf,0.85,matched,,
63,Our APIs,https://developer.sprint.paymentology.com/get-started/our-apis/,our-apis,publish,docs/Getting Started/our-apis.md,title,0.75,needs-review,,
1671,Payments,https://developer.sprint.paymentology.com/companion-api/tokenization2/token-payments/,token-payments,publish,docs/companion-api/tokenization2/token-payments.md,url_path,1.0,matched,,
1685,Payments,https://developer.sprint.paymentology.com/card-api/tokenization/payments/,payments,publish,docs/card-api/tokenization/payments.md,url_path,1.0,matched,,
897,QR payments,https://developer.sprint.paymentology.com/qr-payments-api/qr-payments/,qr-payments,publish,docs/qr-payments-api/qr-payments.md,url_path,1.0,matched,medium,
907,Receiving Institution,https://developer.sprint.paymentology.com/qr-payments-api/api-reference/receiving-institution/,receiving-institution,publish,docs/qr-payments-api/api-reference-qr/receiving-institution.md,title,0.75,needs-review,,
2149,Remote Messaging API,https://developer.sprint.paymentology.com/card-api/api-reference/remotemessaging/,remotemessaging,publish,docs/card-api/api-reference-card/remotemessaging.md,url_leaf,0.85,matched,,
2253,Reporting API (companion),https://developer.sprint.paymentology.com/reporting-api-2/,reporting-api-2,publish,docs/documentation/reporting-api-2.md,url_leaf,0.85,matched,high,
771,Response Codes,https://developer.sprint.paymentology.com/card-api/api-reference/appendix/,appendix,publish,docs/card-api/api-reference-card/appendix.md,url_leaf,0.85,matched,,
363,SimPOS,https://developer.sprint.paymentology.com/tools/simpos/,simpos,publish,docs/tools/simpos/index.md,url_path,1.0,matched,,
3114,Summary settlement report,https://developer.sprint.paymentology.com/companion-api/reports/summary-settlement-report/,summary-settlement-report,publish,docs/companion-api/reports/summary-settlement-report.md,url_path,1.0,matched,,
3134,Summary settlement report,https://developer.sprint.paymentology.com/card-api/reports/summary-settlement-report-2/,summary-settlement-report-2,publish,docs/card-api/reports/summary-settlement-report-2.md,url_path,1.0,matched,high,
1206,AddPocket,https://developer.sprint.paymentology.com/card-api/api-reference/addpocket/,addpocket,publish,docs/card-api/api-reference-card/addpocket.md,title,0.75,needs-review,,
2046,AFD Transactions,https://developer.sprint.paymentology.com/companion-api/manage-funds/automated-fuel-dispensers-afd-transactions/,automated-fuel-dispensers-afd-transactions,publish,docs/companion-api/manage-funds/automated-fuel-dispensers-afd-transactions.md,url_path,1.0,matched,,
2735,AllocateCreateVirtualCard,https://developer.sprint.paymentology.com/profile-api-reference/allocatecreatevirtualcard/,allocatecreatevirtualcard,publish,docs/profile-api-reference/allocatecreatevirtualcard.md,url_path,1.0,matched,high,
1822,DeductAdjustment,https://developer.sprint.paymentology.com/companion-api/api-reference/remote/deductadjustment/,deductadjustment,publish,docs/companion-api/api-reference-companion/remote/deductadjustment.md,title,0.75,needs-review,,
3116,Detailed settlement report,https://developer.sprint.paymentology.com/companion-api/reports/detailed-settlement-report/,detailed-settlement-report,publish,docs/card-api/reports/detailed-settlement-report.md,url_leaf,0.85,matched,,
3136,Detailed settlement report,https://developer.sprint.paymentology.com/card-api/reports/detailed-settlement-report/,detailed-settlement-report,publish,docs/card-api/reports/detailed-settlement-report.md,url_path,1.0,matched,,
2924,First Chargeback,https://developer.sprint.paymentology.com/chargeback-api/chargeback-api-reference/first-chargeback/,first-chargeback,publish,docs/chargeback-api/chargeback-api-reference/first-chargeback.md,url_path,1.0,matched,high,
155,Manage cards,https://developer.sprint.paymentology.com/companion-api/manage-cards/,manage-cards,publish,docs/card-api/manage-cards.md,url_leaf,0.85,matched,medium,
206,Manage cards,https://developer.sprint.paymentology.com/card-api/manage-cards/,manage-cards,publish,docs/card-api/manage-cards.md,url_path,1.0,matched,medium,
909,Originating Institution,https://developer.sprint.paymentology.com/qr-payments-api/api-reference/originating-institution/,originating-institution,publish,docs/qr-payments-api/api-reference-qr/originating-institution.md,title,0.75,needs-review,,
1425,PrintLinkedCard,https://developer.sprint.paymentology.com/companion-api/api-reference/local-api/printlinkedcard/,printlinkedcard,publish,docs/companion-api/api-reference-companion/local-api/printlinkedcard.md,title,0.75,needs-review,,
1673,Processing,https://developer.sprint.paymentology.com/companion-api/tokenization2/token-processing/,token-processing,publish,docs/companion-api/tokenization2/token-processing.md,url_path,1.0,matched,,
1687,Processing,https://developer.sprint.paymentology.com/card-api/tokenization/processing/,processing,publish,docs/card-api/tokenization/processing.md,url_path,1.0,matched,,
1576,Security,https://developer.sprint.paymentology.com/get-started/security/,security,publish,docs/Getting Started/security.md,title,0.75,needs-review,medium,
1303,SimPOS Result Codes,https://developer.sprint.paymentology.com/tools/simpos/simpos-result-codes/,simpos-result-codes,publish,docs/tools/simpos/simpos-result-codes.md,url_path,1.0,matched,,
361,XML Generator,https://developer.sprint.paymentology.com/tools/xml-generator/,xml-generator,publish,docs/tools/xml-generator/index.md,url_path,1.0,matched,,
1210,BearerDetail,https://developer.sprint.paymentology.com/card-api/api-reference/bearerdetail/,bearerdetail,publish,docs/card-api/api-reference-card/bearerdetail.md,title,0.75,needs-review,,
1824,DeductReversal,https://developer.sprint.paymentology.com/companion-api/api-reference/remote/deductreversal/,deductreversal,publish,docs/companion-api/api-reference-companion/remote/deductreversal.md,title,0.75,needs-review,,
3119,Forex gains report,https://developer.sprint.paymentology.com/companion-api/reports/forex-gains-report/,forex-gains-report,publish,docs/companion-api/reports/forex-gains-report.md,url_path,1.0,matched,,
3138,Forex gains report,https://developer.sprint.paymentology.com/card-api/reports/forex-gains-report-2/,forex-gains-report-2,publish,docs/card-api/reports/forex-gains-report-2.md,url_path,1.0,matched,,
70,Get connected,https://developer.sprint.paymentology.com/get-started/testing/,testing,publish,docs/Getting Started/testing.md,url_leaf,0.85,matched,,
2488,OrderCard,https://developer.sprint.paymentology.com/profile-api-reference/ordercard/,ordercard,publish,docs/card-api/api-reference-card/ordercard.md,url_leaf,0.85,matched,,
1675,Provisioning,https://developer.sprint.paymentology.com/companion-api/tokenization2/token-provisioning/,token-provisioning,publish,docs/companion-api/tokenization2/token-provisioning.md,url_path,1.0,matched,,
1689,Provisioning,https://developer.sprint.paymentology.com/card-api/tokenization/provisioning/,provisioning,publish,docs/card-api/tokenization/provisioning.md,url_path,1.0,matched,,
911,Receiving Institution (Remote),https://developer.sprint.paymentology.com/qr-payments-api/api-reference/receiving-institution-remote/,receiving-institution-remote,publish,docs/qr-payments-api/api-reference-qr/receiving-institution-remote.md,title,0.75,needs-review,,
495,Remote,https://developer.sprint.paymentology.com/companion-api/api-reference/remote/,remote,publish,,,0.0,missing,high,"No ReadMe candidate matched URL path, slug, filename, or title."
2371,Reports,https://developer.sprint.paymentology.com/qr-payments-api/reports/,reports,publish,,title,0.75,duplicate,high,"Multiple ReadMe candidates: docs/card-api/reports/index.md, docs/companion-api/reports/index.md"
157,Secure cards,https://developer.sprint.paymentology.com/companion-api/secure-cards/,secure-cards,publish,docs/companion-api/secure-cards/index.md,url_path,1.0,matched,,
302,Secure cards,https://developer.sprint.paymentology.com/card-api/secure-cards/,secure-cards,publish,,title,0.75,duplicate,high,"Multiple ReadMe candidates: docs/card-api/secure-cards-1/index.md, docs/companion-api/secure-cards/index.md"
1262,ToggleVoucherFeature,https://developer.sprint.paymentology.com/companion-api/api-reference/local-api/togglevoucherfeature/,togglevoucherfeature,publish,docs/card-api/api-reference-card/togglevoucherfeature.md,url_leaf,0.85,matched,,
2926,Upload Supporting Document,https://developer.sprint.paymentology.com/chargeback-api/chargeback-api-reference/upload-supporting-document/,upload-supporting-document,publish,docs/chargeback-api/chargeback-api-reference/upload-supporting-document.md,url_path,1.0,matched,high,
1160,XML Poster,https://developer.sprint.paymentology.com/tools/xml-poster/,xml-poster,publish,docs/tools/xml-poster.md,url_path,1.0,matched,,
3189,3D Secure Screen Customization,https://developer.sprint.paymentology.com/tools/3d-secure-customization/,3d-secure-customization,publish,docs/tools/3d-secure-customization/index.md,url_path,1.0,matched,,
905,API REFERENCE,https://developer.sprint.paymentology.com/qr-payments-api/api-reference/,api-reference,publish,docs/companion-api/api-reference-companion/index.md,title,0.75,needs-review,,
936,Appendix,https://developer.sprint.paymentology.com/qr-payments-api/api-reference/appendix/,appendix,publish,docs/card-api/api-reference-card/appendix.md,url_leaf,0.85,matched,,
1212,CardDetail,https://developer.sprint.paymentology.com/card-api/api-reference/carddetail/,carddetail,publish,docs/card-api/api-reference-card/carddetail.md,url_leaf,0.85,matched,,
359,Checksum Generator,https://developer.sprint.paymentology.com/tools/checksum-generator/,checksum-generator,publish,docs/tools/checksum-generator/index.md,url_path,1.0,matched,,
2345,Client Card Program,https://developer.sprint.paymentology.com/get-started/client-card-program/,client-card-program,publish,docs/Getting Started/client-card-program.md,title,0.75,needs-review,,
2928,Document Status,https://developer.sprint.paymentology.com/chargeback-api/chargeback-api-reference/document-status/,document-status,publish,docs/chargeback-api/chargeback-api-reference/document-status.md,url_path,1.0,matched,high,
3121,Failed transaction report,https://developer.sprint.paymentology.com/companion-api/reports/failed-transaction-report/,failed-transaction-report,publish,docs/companion-api/reports/failed-transaction-report.md,url_path,1.0,matched,,
3140,Failed transaction report,https://developer.sprint.paymentology.com/card-api/reports/failed-transaction-report-2/,failed-transaction-report-2,publish,docs/card-api/reports/failed-transaction-report-2.md,url_path,1.0,matched,,
1677,Lifecycle Management,https://developer.sprint.paymentology.com/companion-api/tokenization2/token-lifecycle-management/,token-lifecycle-management,publish,docs/companion-api/tokenization2/token-lifecycle-management.md,url_path,1.0,matched,,
1692,Lifecycle Management,https://developer.sprint.paymentology.com/card-api/tokenization/lifecycle-management/,lifecycle-management,publish,docs/card-api/tokenization/lifecycle-management.md,url_path,1.0,matched,,
1781,LinkCard,https://developer.sprint.paymentology.com/companion-api/api-reference/local-api/linkcard/,linkcard,publish,docs/card-api/api-reference-card/linkcard.md,url_leaf,0.85,matched,,
1826,LoadAdjustment,https://developer.sprint.paymentology.com/companion-api/api-reference/remote/loadadjustment/,loadadjustment,publish,docs/companion-api/api-reference-companion/remote/loadadjustment.md,title,0.75,needs-review,,
280,Manage funds,https://developer.sprint.paymentology.com/card-api/manage-funds/,manage-funds,publish,docs/companion-api/manage-funds.md,url_leaf,0.85,matched,,
367,Manage funds,https://developer.sprint.paymentology.com/companion-api/manage-funds/,manage-funds,publish,docs/companion-api/manage-funds.md,url_leaf,0.85,matched,,
3097,Card order,https://developer.sprint.paymentology.com/companion-api/reports/card-order-report/,card-order-report,publish,docs/companion-api/reports/card-order-report.md,url_path,1.0,matched,,
3144,Card order report,https://developer.sprint.paymentology.com/card-api/reports/card-order-report-2/,card-order-report-2,publish,docs/card-api/reports/card-order-report-2.md,url_path,1.0,matched,high,
1260,ChangePin,https://developer.sprint.paymentology.com/card-api/api-reference/changepin/,changepin,publish,docs/card-api/api-reference-card/changepin.md,url_leaf,0.85,matched,,
1397,Client Testing Guide,https://developer.sprint.paymentology.com/get-started/client-testing-guide/,client-testing-guide,publish,docs/Getting Started/client-testing-guide.md,title,0.75,needs-review,,
1828,LoadReversal,https://developer.sprint.paymentology.com/companion-api/api-reference/remote/loadreversal/,loadreversal,publish,docs/companion-api/api-reference-companion/remote/loadreversal.md,title,0.75,needs-review,,
414,Messages,https://developer.sprint.paymentology.com/companion-api/messages/,messages,publish,docs/companion-api/messages.md,url_path,1.0,matched,,
1783,OrderCard,https://developer.sprint.paymentology.com/companion-api/api-reference/local-api/ordercard/,ordercard,publish,docs/card-api/api-reference-card/ordercard.md,url_leaf,0.85,matched,,
1347,Report Generator,https://developer.sprint.paymentology.com/report-generator-offline/,report-generator-offline,publish,docs/report-generator-offline/index.md,url_path,1.0,matched,,
2930,Second Presentment Documents,https://developer.sprint.paymentology.com/chargeback-api/chargeback-api-reference/second-presentment-documents/,second-presentment-documents,publish,docs/chargeback-api/chargeback-api-reference/second-presentment-documents.md,url_path,1.0,matched,,
4962,Secure APIs,https://developer.sprint.paymentology.com/companion-api/secure-apis/,secure-apis,publish,docs/companion-api/secure-apis.md,url_path,1.0,matched,,
2473,VTS,https://developer.sprint.paymentology.com/companion-api/tokenization2/visa-token-provisioning/,visa-token-provisioning,publish,docs/companion-api/tokenization2/visa-token-provisioning.md,url_path,1.0,matched,,
1830,AdministrativeMessage3DSecureOTP,https://developer.sprint.paymentology.com/administrativemessage3dsecureotp/,administrativemessage3dsecureotp,publish,docs/documentation/administrativemessage3dsecureotp.md,title,0.75,needs-review,,
1214,CreateVirtualCard,https://developer.sprint.paymentology.com/card-api/api-reference/createvirtualcard/,createvirtualcard,publish,docs/card-api/api-reference-card/createvirtualcard.md,url_leaf,0.85,matched,,
1633,Fraud and Risk,https://developer.sprint.paymentology.com/get-started/fraud/,fraud,publish,docs/Getting Started/fraud.md,url_leaf,0.85,matched,high,
1785,OrderCardWithPinBlock,https://developer.sprint.paymentology.com/companion-api/api-reference/local-api/ordercardwithpinblock/,ordercardwithpinblock,publish,docs/card-api/api-reference-card/ordercardwithpinblock.md,url_leaf,0.85,matched,high,
2932,Pre-Arbitration,https://developer.sprint.paymentology.com/chargeback-api/chargeback-api-reference/pre-arbitration/,pre-arbitration,publish,docs/chargeback-api/chargeback-api-reference/pre-arbitration.md,url_path,1.0,matched,high,
1563,Tokenization,https://developer.sprint.paymentology.com/card-api/tokenization/,tokenization,publish,docs/card-api/tokenization/index.md,url_path,1.0,matched,high,
3739,Unsettled transactions report,https://developer.sprint.paymentology.com/companion-api/reports/unsettled-transactions-report-2/,unsettled-transactions-report-2,publish,docs/companion-api/reports/unsettled-transactions-report-2.md,url_path,1.0,matched,,
1787,ActivateCard,https://developer.sprint.paymentology.com/companion-api/api-reference/local-api/activatecard/,activatecard,publish,docs/companion-api/api-reference-companion/local-api/activatecard.md,title,0.75,needs-review,,
1832,AdministrativeMessage,https://developer.sprint.paymentology.com/companion-api/api-reference/remote/administrativemessage/,administrativemessage,publish,docs/companion-api/api-reference-companion/remote/administrativemessage/index.md,title,0.75,needs-review,high,
3798,Apple Pay quarterly fee billing report,https://developer.sprint.paymentology.com/card-api/reports/apple-pay-quarterly-fee-billing-report/,apple-pay-quarterly-fee-billing-report,publish,docs/card-api/reports/apple-pay-quarterly-fee-billing-report.md,url_path,1.0,matched,,
3903,Apple Pay quarterly fee billing report,https://developer.sprint.paymentology.com/companion-api/reports/apple-pay-quarterly-fee-billing-report/,apple-pay-quarterly-fee-billing-report,publish,docs/card-api/reports/apple-pay-quarterly-fee-billing-report.md,url_leaf,0.85,matched,,
1216,DeductFunds,https://developer.sprint.paymentology.com/card-api/api-reference/deductfunds/,deductfunds,publish,docs/card-api/api-reference-card/deductfunds.md,title,0.75,needs-review,,
3750,eCommerce report,https://developer.sprint.paymentology.com/card-api/reports/ecommerce-report/,ecommerce-report,publish,docs/card-api/reports/ecommerce-report.md,url_path,1.0,matched,,
1706,Glossary,https://developer.sprint.paymentology.com/get-started/glossary/,glossary,publish,docs/Getting Started/glossary.md,title,0.75,needs-review,high,
2322,Reconciliation,https://developer.sprint.paymentology.com/card-api/reconciliation/,reconciliation,publish,docs/card-api/reconciliation.md,url_path,1.0,matched,high,
3793,Apple Pay monthly top merchant report,https://developer.sprint.paymentology.com/card-api/reports/apple-pay-monthly-top-merchant-report/,apple-pay-monthly-top-merchant-report,publish,docs/card-api/reports/apple-pay-monthly-top-merchant-report.md,url_path,1.0,matched,,
3932,Apple Pay monthly top merchant report,https://developer.sprint.paymentology.com/companion-api/reports/apple-pay-monthly-top-merchant-report/,apple-pay-monthly-top-merchant-report,publish,docs/card-api/reports/apple-pay-monthly-top-merchant-report.md,url_leaf,0.85,matched,,
1218,DeductFundsReverse,https://developer.sprint.paymentology.com/card-api/api-reference/deductfundsreverse/,deductfundsreverse,publish,docs/card-api/api-reference-card/deductfundsreverse.md,title,0.75,needs-review,,
2227,Disputes,https://developer.sprint.paymentology.com/card-api/disputes/,disputes,publish,docs/card-api/disputes.md,url_path,1.0,matched,high,
3993,eCommerce report,https://developer.sprint.paymentology.com/companion-api/reports/ecommerce-report/,ecommerce-report,publish,docs/card-api/reports/ecommerce-report.md,url_leaf,0.85,matched,,
1789,GetActiveLinkedCards,https://developer.sprint.paymentology.com/companion-api/api-reference/local-api/getactivelinkedcards/,getactivelinkedcards,publish,docs/companion-api/api-reference-companion/local-api/getactivelinkedcards.md,title,0.75,needs-review,,
1834,Stop,https://developer.sprint.paymentology.com/companion-api/api-reference/remote/stop/,stop,publish,docs/companion-api/api-reference-companion/remote/stop.md,title,0.75,needs-review,,
1513,Tokenization,https://developer.sprint.paymentology.com/companion-api/tokenization2/,tokenization2,publish,docs/companion-api/tokenization2/index.md,url_path,1.0,matched,,
3785,Apple Pay monthly metric report,https://developer.sprint.paymentology.com/card-api/reports/apple-pay-monthly-metric-report/,apple-pay-monthly-metric-report,publish,docs/card-api/reports/apple-pay-monthly-metric-report.md,url_path,1.0,matched,,
1791,ChangePin,https://developer.sprint.paymentology.com/companion-api/api-reference/local-api/changepin/,changepin,publish,docs/card-api/api-reference-card/changepin.md,url_leaf,0.85,matched,,
1471,DeleteToken,https://developer.sprint.paymentology.com/card-api/api-reference/deletetoken-2/,deletetoken-2,publish,docs/card-api/api-reference-card/deletetoken-2.md,url_leaf,0.85,matched,,
2096,Reconciliation,https://developer.sprint.paymentology.com/companion-api/settlement-and-reconciliation/,settlement-and-reconciliation,publish,docs/companion-api/settlement-and-reconciliation.md,url_path,1.0,matched,,
264,Reports,https://developer.sprint.paymentology.com/card-api/reports/,reports,publish,docs/card-api/reports/index.md,url_path,1.0,matched,,
3936,Apple Pay monthly metric report,https://developer.sprint.paymentology.com/companion-api/reports/apple-pay-monthly-metric-report/,apple-pay-monthly-metric-report,publish,docs/card-api/reports/apple-pay-monthly-metric-report.md,url_leaf,0.85,matched,,
3779,Apple Pay monthly usage frequency report,https://developer.sprint.paymentology.com/card-api/reports/apple-pay-monthly-usage-frequency-report/,apple-pay-monthly-usage-frequency-report,publish,docs/card-api/reports/apple-pay-monthly-usage-frequency-report.md,url_path,1.0,matched,,
3939,Apple Pay monthly usage frequency report,https://developer.sprint.paymentology.com/companion-api/reports/apple-pay-monthly-usage-frequency-report/,apple-pay-monthly-usage-frequency-report,publish,docs/card-api/reports/apple-pay-monthly-usage-frequency-report.md,url_leaf,0.85,matched,,
1838,Balance,https://developer.sprint.paymentology.com/companion-api/api-reference/remote/balance/,balance,publish,docs/companion-api/api-reference-companion/remote/balance.md,url_leaf,0.85,matched,,
542,Card API REFERENCE,https://developer.sprint.paymentology.com/card-api/api-reference/,api-reference,publish,docs/card-api/api-reference-card/index.md,title,0.75,needs-review,,
1220,Devalue,https://developer.sprint.paymentology.com/card-api/api-reference/devalue/,devalue,publish,docs/card-api/api-reference-card/devalue.md,title,0.75,needs-review,,
2057,Disputes,https://developer.sprint.paymentology.com/companion-api/disputes/,disputes,publish,docs/card-api/disputes.md,url_leaf,0.85,matched,high,
1793,ResetPin,https://developer.sprint.paymentology.com/companion-api/api-reference/local-api/resetpin/,resetpin,publish,docs/companion-api/api-reference-companion/local-api/resetpin.md,url_leaf,0.85,matched,,
1836,ValidatePIN,https://developer.sprint.paymentology.com/companion-api/api-reference/remote/validatepin/,validatepin,publish,docs/companion-api/api-reference-companion/remote/validatepin.md,title,0.75,needs-review,,
3776,Apple Pay monthly fee billing report,https://developer.sprint.paymentology.com/card-api/reports/apple-pay-monthly-fee-billing-report/,apple-pay-monthly-fee-billing-report,publish,docs/card-api/reports/apple-pay-monthly-fee-billing-report.md,url_path,1.0,matched,,
3942,Apple Pay monthly fee billing report,https://developer.sprint.paymentology.com/companion-api/reports/apple-pay-monthly-fee-billing-report/,apple-pay-monthly-fee-billing-report,publish,docs/card-api/reports/apple-pay-monthly-fee-billing-report.md,url_leaf,0.85,matched,,
1222,DevalueReverse,https://developer.sprint.paymentology.com/card-api/api-reference/devaluereverse/,devaluereverse,publish,docs/card-api/api-reference-card/devaluereverse.md,title,0.75,needs-review,,
1840,LoadAuth,https://developer.sprint.paymentology.com/companion-api/api-reference/remote/loadauth/,loadauth,publish,docs/companion-api/api-reference-companion/remote/loadauth.md,title,0.75,needs-review,,
410,Reports,https://developer.sprint.paymentology.com/companion-api/reports/,reports,publish,docs/companion-api/reports/index.md,url_path,1.0,matched,,
1797,UpdateBearer,https://developer.sprint.paymentology.com/companion-api/api-reference/local-api/updatebearer/,updatebearer,publish,docs/companion-api/api-reference-companion/local-api/updatebearer.md,url_leaf,0.85,matched,,
4123,Apple Pay monthly declines report,https://developer.sprint.paymentology.com/companion-api/reports/apple-pay-monthly-declines-report/,apple-pay-monthly-declines-report,publish,docs/card-api/reports/apple-pay-monthly-declines-report.md,url_leaf,0.85,matched,,
4133,Apple Pay monthly declines report,https://developer.sprint.paymentology.com/card-api/reports/apple-pay-monthly-declines-report/,apple-pay-monthly-declines-report,publish,docs/card-api/reports/apple-pay-monthly-declines-report.md,url_path,1.0,matched,,
2464,BrazilianInstallmentSettled,https://developer.sprint.paymentology.com/companion-api/api-reference/remote/brazilianinstallmentsettled/,brazilianinstallmentsettled,publish,docs/companion-api/api-reference-companion/remote/brazilianinstallmentsettled.md,title,0.75,needs-review,,
1228,InsertTransactionFee,https://developer.sprint.paymentology.com/card-api/api-reference/inserttransactionfee/,inserttransactionfee,publish,docs/card-api/api-reference-card/inserttransactionfee.md,url_leaf,0.85,matched,,
1125,KLV Lookup,https://developer.sprint.paymentology.com/companion-api/klv-lookup/,klv-lookup,publish,docs/companion-api/klv-lookup.md,url_path,1.0,matched,high,
1843,LoadAuthReversal,https://developer.sprint.paymentology.com/companion-api/api-reference/remote/loadauthreversal/,loadauthreversal,publish,docs/companion-api/api-reference-companion/remote/loadauthreversal.md,title,0.75,needs-review,,
1799,TransferLink,https://developer.sprint.paymentology.com/companion-api/api-reference/local-api/transferlink/,transferlink,publish,docs/card-api/api-reference-card/transferlink.md,url_leaf,0.85,matched,,
490,API REFERENCE,https://developer.sprint.paymentology.com/companion-api/api-reference/,api-reference,publish,docs/companion-api/api-reference-companion/index.md,title,0.75,needs-review,,
1230,LinkCard,https://developer.sprint.paymentology.com/card-api/api-reference/linkcard/,linkcard,publish,docs/card-api/api-reference-card/linkcard.md,url_leaf,0.85,matched,,
2778,MexicanInstallmentSettled,https://developer.sprint.paymentology.com/companion-api/api-reference/remote/mexicaninstallmentsettled/,mexicaninstallmentsettled,publish,docs/companion-api/api-reference-companion/remote/mexicaninstallmentsettled.md,title,0.75,needs-review,,
1801,StopCard,https://developer.sprint.paymentology.com/companion-api/api-reference/local-api/stopcard/,stopcard,publish,docs/card-api/api-reference-card/stopcard.md,url_leaf,0.85,matched,,
1234,ListCards,https://developer.sprint.paymentology.com/card-api/api-reference/listcards/,listcards,publish,docs/card-api/api-reference-card/listcards.md,title,0.75,needs-review,,
1803,UnstopCard,https://developer.sprint.paymentology.com/companion-api/api-reference/local-api/unstopcard/,unstopcard,publish,docs/card-api/api-reference-card/unstopcard.md,url_leaf,0.85,matched,,
2009,ListTokens,https://developer.sprint.paymentology.com/card-api/api-reference/listtokens/,listtokens,publish,docs/card-api/api-reference-card/listtokens.md,url_leaf,0.85,matched,,
1807,Status,https://developer.sprint.paymentology.com/companion-api/api-reference/local-api/status/,status,publish,docs/companion-api/api-reference-companion/local-api/status.md,url_leaf,0.85,matched,,
1238,LoadFunds,https://developer.sprint.paymentology.com/card-api/api-reference/loadfunds/,loadfunds,publish,docs/card-api/api-reference-card/loadfunds.md,title,0.75,needs-review,,
1809,Set3dSecureCode,https://developer.sprint.paymentology.com/companion-api/api-reference/local-api/set3dsecurecode/,set3dsecurecode,publish,docs/card-api/api-reference-card/set3dsecurecode.md,url_leaf,0.85,matched,,
1240,LoadFundsReverse,https://developer.sprint.paymentology.com/card-api/api-reference/loadfundsreverse/,loadfundsreverse,publish,docs/card-api/api-reference-card/loadfundsreverse.md,title,0.75,needs-review,,
1811,UpdateCVV,https://developer.sprint.paymentology.com/companion-api/api-reference/local-api/updatecvv/,updatecvv,publish,docs/card-api/api-reference-card/updatecvv.md,url_leaf,0.85,matched,,
2301,OrderCard,https://developer.sprint.paymentology.com/card-api/api-reference/ordercard/,ordercard,publish,docs/card-api/api-reference-card/ordercard.md,url_leaf,0.85,matched,,
1187,RetireCard,https://developer.sprint.paymentology.com/companion-api/api-reference/local-api/retirecard/,retirecard,publish,docs/card-api/api-reference-card/retirecard.md,url_leaf,0.85,matched,,
2303,OrderCardWithPinBlock,https://developer.sprint.paymentology.com/card-api/api-reference/ordercardwithpinblock/,ordercardwithpinblock,publish,docs/card-api/api-reference-card/ordercardwithpinblock.md,url_leaf,0.85,matched,high,
1461,TransferToken,https://developer.sprint.paymentology.com/companion-api/api-reference/local-api/transfertoken/,transfertoken,publish,docs/companion-api/api-reference-companion/local-api/transfertoken.md,url_leaf,0.85,matched,,
1465,DeleteToken,https://developer.sprint.paymentology.com/companion-api/api-reference/local-api/deletetoken/,deletetoken,publish,docs/companion-api/api-reference-companion/local-api/deletetoken.md,url_leaf,0.85,matched,,
1224,PocketTransfer,https://developer.sprint.paymentology.com/card-api/api-reference/pockettransfer/,pockettransfer,publish,docs/card-api/api-reference-card/pockettransfer.md,title,0.75,needs-review,,
1226,PocketTransferReverse,https://developer.sprint.paymentology.com/card-api/api-reference/pockettransferreverse/,pockettransferreverse,publish,docs/card-api/api-reference-card/pockettransferreverse.md,title,0.75,needs-review,,
1717,StopToken,https://developer.sprint.paymentology.com/companion-api/api-reference/local-api/stoptoken/,stoptoken,publish,docs/card-api/api-reference-card/stoptoken.md,url_leaf,0.85,matched,,
1246,RetireCard,https://developer.sprint.paymentology.com/card-api/api-reference/retirecard/,retirecard,publish,docs/card-api/api-reference-card/retirecard.md,url_leaf,0.85,matched,,
1715,UnstopToken,https://developer.sprint.paymentology.com/companion-api/api-reference/local-api/unstoptoken/,unstoptoken,publish,docs/card-api/api-reference-card/unstoptoken.md,url_leaf,0.85,matched,,
1712,ListTokens,https://developer.sprint.paymentology.com/companion-api/api-reference/local-api/listtokens/,listtokens,publish,docs/card-api/api-reference-card/listtokens.md,url_leaf,0.85,matched,,
1256,Set3dSecureCode,https://developer.sprint.paymentology.com/card-api/api-reference/set3dsecurecode/,set3dsecurecode,publish,docs/card-api/api-reference-card/set3dsecurecode.md,url_leaf,0.85,matched,,
2142,GetLinkedCards,https://developer.sprint.paymentology.com/companion-api/api-reference/local-api/getlinkedcards/,getlinkedcards,publish,docs/companion-api/api-reference-companion/local-api/getlinkedcards.md,title,0.75,needs-review,,
1258,SetBearerDetail,https://developer.sprint.paymentology.com/card-api/api-reference/setbearerdetail/,setbearerdetail,publish,docs/card-api/api-reference-card/setbearerdetail.md,title,0.75,needs-review,,
2474,ActivateToken,https://developer.sprint.paymentology.com/companion-api/api-reference/local-api/activatetoken/,activatetoken,publish,docs/card-api/api-reference-card/activatetoken.md,url_leaf,0.85,matched,,
1248,Statement,https://developer.sprint.paymentology.com/card-api/api-reference/statement/,statement,publish,docs/card-api/api-reference-card/statement.md,url_leaf,0.85,matched,,
1250,StopCard,https://developer.sprint.paymentology.com/card-api/api-reference/stopcard/,stopcard,publish,docs/card-api/api-reference-card/stopcard.md,url_leaf,0.85,matched,,
1242,TransferFunds,https://developer.sprint.paymentology.com/card-api/api-reference/transferfunds/,transferfunds,publish,docs/card-api/api-reference-card/transferfunds.md,url_leaf,0.85,matched,,
2888,UpdateTokenAccount,https://developer.sprint.paymentology.com/companion-api/api-reference/local-api/updatetokenaccount/,updatetokenaccount,publish,docs/card-api/api-reference-card/updatetokenaccount.md,url_leaf,0.85,matched,,
1244,TransferFundsReverse,https://developer.sprint.paymentology.com/card-api/api-reference/transferfundsreverse/,transferfundsreverse,publish,docs/card-api/api-reference-card/transferfundsreverse.md,title,0.75,needs-review,,
1468,TransferToken,https://developer.sprint.paymentology.com/card-api/api-reference/transfertoken-2/,transfertoken-2,publish,docs/card-api/api-reference-card/transfertoken-2.md,url_leaf,0.85,matched,,
1252,UnStopCard,https://developer.sprint.paymentology.com/card-api/api-reference/unstopcard/,unstopcard,publish,docs/card-api/api-reference-card/unstopcard.md,url_leaf,0.85,matched,,
2006,StopToken,https://developer.sprint.paymentology.com/card-api/api-reference/stoptoken/,stoptoken,publish,docs/card-api/api-reference-card/stoptoken.md,url_leaf,0.85,matched,,
2008,UnStopToken,https://developer.sprint.paymentology.com/card-api/api-reference/unstoptoken/,unstoptoken,publish,docs/card-api/api-reference-card/unstoptoken.md,url_leaf,0.85,matched,,
2089,UpdateCardExpiryDate,https://developer.sprint.paymentology.com/card-api/api-reference/updatecardexpirydate/,updatecardexpirydate,publish,docs/card-api/api-reference-card/updatecardexpirydate.md,title,0.75,needs-review,,
2729,CalculateTAV,https://developer.sprint.paymentology.com/companion-api/api-reference/local-api/calculatetav/,calculatetav,publish,docs/card-api/api-reference-card/calculatetav.md,url_leaf,0.85,matched,,
1254,UpdateCardLabel,https://developer.sprint.paymentology.com/card-api/api-reference/updatecardlabel/,updatecardlabel,publish,docs/card-api/api-reference-card/updatecardlabel.md,title,0.75,needs-review,,
2499,UpdateCVV,https://developer.sprint.paymentology.com/card-api/api-reference/updatecvv/,updatecvv,publish,docs/card-api/api-reference-card/updatecvv.md,url_leaf,0.85,matched,,
2753,CreateVirtualCardWithLoad,https://developer.sprint.paymentology.com/card-api/api-reference/createvirtualcardwithload/,createvirtualcardwithload,publish,docs/card-api/api-reference-card/createvirtualcardwithload.md,title,0.75,needs-review,,
2892,UpdateTokenAccount,https://developer.sprint.paymentology.com/card-api/api-reference/updatetokenaccount/,updatetokenaccount,publish,docs/card-api/api-reference-card/updatetokenaccount.md,url_leaf,0.85,matched,,
