source_id,title,url,filename,mime_type
1066,Card Order Report,https://developer.sprint.paymentology.com/wp-content/uploads/2020/04/Card-Order-Report.xlsx,Card-Order-Report.xlsx,
1104,Companion card – transaction processing,https://developer.sprint.paymentology.com/wp-content/uploads/2020/04/Companion-card-–-transaction-processing.png,Companion-card-–-transaction-processing.png,
1070,DailySettlements Report,https://developer.sprint.paymentology.com/wp-content/uploads/2020/04/DailySettlements-Report.xlsx,DailySettlements-Report.xlsx,
1065,Failed Transaction Report,https://developer.sprint.paymentology.com/wp-content/uploads/2020/04/Failed-Transaction-Report.xlsx,Failed-Transaction-Report.xlsx,
1069,Forex Gains Report,https://developer.sprint.paymentology.com/wp-content/uploads/2020/04/Forex-Gains-Report.xlsx,Forex-Gains-Report.xlsx,
1068,Markoff File,https://developer.sprint.paymentology.com/wp-content/uploads/2020/04/Markoff-File.xlsx,Markoff-File.xlsx,
1067,Summary Settlement Report,https://developer.sprint.paymentology.com/wp-content/uploads/2020/04/Summary-Settlement-Report.xlsx,Summary-Settlement-Report.xlsx,
895,Tap and Pay Transaction Process Flow,https://developer.sprint.paymentology.com/wp-content/uploads/2020/04/Tap-and-Pay-Transaction-Process-Flow.png,Tap-and-Pay-Transaction-Process-Flow.png,
196,card-api-icon1,https://developer.sprint.paymentology.com/wp-content/uploads/2020/04/card-api-icon1.png,card-api-icon1.png,
197,card-api-icon2,https://developer.sprint.paymentology.com/wp-content/uploads/2020/04/card-api-icon2.png,card-api-icon2.png,
198,card-api-icon3,https://developer.sprint.paymentology.com/wp-content/uploads/2020/04/card-api-icon3.png,card-api-icon3.png,
199,card-api-icon4,https://developer.sprint.paymentology.com/wp-content/uploads/2020/04/card-api-icon4.png,card-api-icon4.png,
109,discover-icon-1,https://developer.sprint.paymentology.com/wp-content/uploads/2020/04/discover-icon-1.png,discover-icon-1.png,
129,discover-icon-10,https://developer.sprint.paymentology.com/wp-content/uploads/2020/04/discover-icon-10.png,discover-icon-10.png,
130,discover-icon-11,https://developer.sprint.paymentology.com/wp-content/uploads/2020/04/discover-icon-11.png,discover-icon-11.png,
131,discover-icon-12,https://developer.sprint.paymentology.com/wp-content/uploads/2020/04/discover-icon-12.png,discover-icon-12.png,
132,discover-icon-13,https://developer.sprint.paymentology.com/wp-content/uploads/2020/04/discover-icon-13.png,discover-icon-13.png,
133,discover-icon-14,https://developer.sprint.paymentology.com/wp-content/uploads/2020/04/discover-icon-14.png,discover-icon-14.png,
140,discover-icon-15,https://developer.sprint.paymentology.com/wp-content/uploads/2020/04/discover-icon-15.png,discover-icon-15.png,
141,discover-icon-16,https://developer.sprint.paymentology.com/wp-content/uploads/2020/04/discover-icon-16.png,discover-icon-16.png,
142,discover-icon-17,https://developer.sprint.paymentology.com/wp-content/uploads/2020/04/discover-icon-17.png,discover-icon-17.png,
143,discover-icon-18,https://developer.sprint.paymentology.com/wp-content/uploads/2020/04/discover-icon-18.png,discover-icon-18.png,
144,discover-icon-19,https://developer.sprint.paymentology.com/wp-content/uploads/2020/04/discover-icon-19.png,discover-icon-19.png,
112,discover-icon-2,https://developer.sprint.paymentology.com/wp-content/uploads/2020/04/discover-icon-2.png,discover-icon-2.png,
114,discover-icon-3,https://developer.sprint.paymentology.com/wp-content/uploads/2020/04/discover-icon-3.png,discover-icon-3.png,
118,discover-icon-4,https://developer.sprint.paymentology.com/wp-content/uploads/2020/04/discover-icon-4.png,discover-icon-4.png,
116,discover-icon-5,https://developer.sprint.paymentology.com/wp-content/uploads/2020/04/discover-icon-5.png,discover-icon-5.png,
120,discover-icon-6,https://developer.sprint.paymentology.com/wp-content/uploads/2020/04/discover-icon-6.png,discover-icon-6.png,
126,discover-icon-7,https://developer.sprint.paymentology.com/wp-content/uploads/2020/04/discover-icon-7.png,discover-icon-7.png,
127,discover-icon-8,https://developer.sprint.paymentology.com/wp-content/uploads/2020/04/discover-icon-8.png,discover-icon-8.png,
128,discover-icon-9,https://developer.sprint.paymentology.com/wp-content/uploads/2020/04/discover-icon-9.png,discover-icon-9.png,
931,Download,https://developer.sprint.paymentology.com/wp-content/uploads/2020/04/file.csv,file.csv,
597,glossary-icon,https://developer.sprint.paymentology.com/wp-content/uploads/2020/04/glossary-icon-e1588009665633.png,glossary-icon-e1588009665633.png,
40,home-card-companion,https://developer.sprint.paymentology.com/wp-content/uploads/2020/04/home-card-companion.png,home-card-companion.png,
38,home-icon-card-api,https://developer.sprint.paymentology.com/wp-content/uploads/2020/04/home-icon-card-api.png,home-icon-card-api.png,
41,home-icon-digital,https://developer.sprint.paymentology.com/wp-content/uploads/2020/04/home-icon-digital.png,home-icon-digital.png,
36,home-icon-discover,https://developer.sprint.paymentology.com/wp-content/uploads/2020/04/home-icon-discover.png,home-icon-discover.png,
33,home-icon-quick-start,https://developer.sprint.paymentology.com/wp-content/uploads/2020/04/home-icon-quick-start.png,home-icon-quick-start.png,
43,home-icon-tools,https://developer.sprint.paymentology.com/wp-content/uploads/2020/04/home-icon-tools.png,home-icon-tools.png,
211,icon-secure-card1,https://developer.sprint.paymentology.com/wp-content/uploads/2020/04/icon-secure-card1.png,icon-secure-card1.png,
212,icon-secure-card2,https://developer.sprint.paymentology.com/wp-content/uploads/2020/04/icon-secure-card2.png,icon-secure-card2.png,
213,icon-secure-card3,https://developer.sprint.paymentology.com/wp-content/uploads/2020/04/icon-secure-card3.png,icon-secure-card3.png,
214,icon-secure-card4,https://developer.sprint.paymentology.com/wp-content/uploads/2020/04/icon-secure-card4.png,icon-secure-card4.png,
215,icon-secure-card5,https://developer.sprint.paymentology.com/wp-content/uploads/2020/04/icon-secure-card5.png,icon-secure-card5.png,
216,icon-secure-card6,https://developer.sprint.paymentology.com/wp-content/uploads/2020/04/icon-secure-card6.png,icon-secure-card6.png,
165,issue-card-icon1,https://developer.sprint.paymentology.com/wp-content/uploads/2020/04/issue-card-icon1.png,issue-card-icon1.png,
166,issue-card-icon2,https://developer.sprint.paymentology.com/wp-content/uploads/2020/04/issue-card-icon2.png,issue-card-icon2.png,
167,issue-card-icon3,https://developer.sprint.paymentology.com/wp-content/uploads/2020/04/issue-card-icon3.png,issue-card-icon3.png,
168,issue-card-icon4,https://developer.sprint.paymentology.com/wp-content/uploads/2020/04/issue-card-icon4.png,issue-card-icon4.png,
169,issue-card-icon5,https://developer.sprint.paymentology.com/wp-content/uploads/2020/04/issue-card-icon5.png,issue-card-icon5.png,
170,issue-card-icon6,https://developer.sprint.paymentology.com/wp-content/uploads/2020/04/issue-card-icon6.png,issue-card-icon6.png,
171,issue-card-icon7,https://developer.sprint.paymentology.com/wp-content/uploads/2020/04/issue-card-icon7.png,issue-card-icon7.png,
172,issue-card-icon8,https://developer.sprint.paymentology.com/wp-content/uploads/2020/04/issue-card-icon8.png,issue-card-icon8.png,
173,issue-card-icon9,https://developer.sprint.paymentology.com/wp-content/uploads/2020/04/issue-card-icon9.png,issue-card-icon9.png,
1390,cropped-tutuka-favicon.png,https://developer.sprint.paymentology.com/wp-content/uploads/2020/08/cropped-tutuka-favicon.png,cropped-tutuka-favicon.png,
1389,tutuka-favicon,https://developer.sprint.paymentology.com/wp-content/uploads/2020/08/tutuka-favicon.png,tutuka-favicon.png,
1353,tutuka-header-logo,https://developer.sprint.paymentology.com/wp-content/uploads/2020/08/tutuka-header-logo.svg,tutuka-header-logo.svg,
1490,10.Settlement Recon Process,https://developer.sprint.paymentology.com/wp-content/uploads/2021/01/10.Settlement-Recon-Process-.png,10.Settlement-Recon-Process-.png,
1484,Architecture diagram,https://developer.sprint.paymentology.com/wp-content/uploads/2021/01/Architecture-diagram.png,Architecture-diagram.png,
1506,Card API Physical Card test script,https://developer.sprint.paymentology.com/wp-content/uploads/2021/01/Card-API-Physical-Card-test-script-1.xlsx,Card-API-Physical-Card-test-script-1.xlsx,
1494,Card API Physical Card test script,https://developer.sprint.paymentology.com/wp-content/uploads/2021/01/Card-API-Physical-Card-test-script.xlsx,Card-API-Physical-Card-test-script.xlsx,
1495,Card API Physical + Virtual Card test script,https://developer.sprint.paymentology.com/wp-content/uploads/2021/01/Card-API-Physical-Virtual-Card-test-script.xlsx,Card-API-Physical-Virtual-Card-test-script.xlsx,
1507,Card API Virtual Card test script,https://developer.sprint.paymentology.com/wp-content/uploads/2021/01/Card-API-Virtual-Card-test-script-1.xlsx,Card-API-Virtual-Card-test-script-1.xlsx,
1493,Card API Virtual Card test script,https://developer.sprint.paymentology.com/wp-content/uploads/2021/01/Card-API-Virtual-Card-test-script.xlsx,Card-API-Virtual-Card-test-script.xlsx,
1550,Card Order report Companion - final,https://developer.sprint.paymentology.com/wp-content/uploads/2021/01/Card-Order-report-Companion-final.png,Card-Order-report-Companion-final.png,
1536,Card Order report final - Card API,https://developer.sprint.paymentology.com/wp-content/uploads/2021/01/Card-Order-report-final-Card-API.png,Card-Order-report-final-Card-API.png,
1488,Chargebacks,https://developer.sprint.paymentology.com/wp-content/uploads/2021/01/Chargebacks.png,Chargebacks.png,
1504,Companion API Physical Card test script,https://developer.sprint.paymentology.com/wp-content/uploads/2021/01/Companion-API-Physical-Card-test-script.xlsx,Companion-API-Physical-Card-test-script.xlsx,
1505,Companion API Virtual Card test script,https://developer.sprint.paymentology.com/wp-content/uploads/2021/01/Companion-API-Virtual-Card-test-script-1.xlsx,Companion-API-Virtual-Card-test-script-1.xlsx,
1492,Companion API Virtual Card test script,https://developer.sprint.paymentology.com/wp-content/uploads/2021/01/Companion-API-Virtual-Card-test-script.xlsx,Companion-API-Virtual-Card-test-script.xlsx,
1487,Dispute handling,https://developer.sprint.paymentology.com/wp-content/uploads/2021/01/Dispute-handling.png,Dispute-handling.png,
1486,Dispute management - second tier support,https://developer.sprint.paymentology.com/wp-content/uploads/2021/01/Dispute-management-second-tier-support.png,Dispute-management-second-tier-support.png,
1538,Failed transactions report Card - Final,https://developer.sprint.paymentology.com/wp-content/uploads/2021/01/Failed-transactions-report-Card-Final.png,Failed-transactions-report-Card-Final.png,
1549,Failed transactions report Companion - Final,https://developer.sprint.paymentology.com/wp-content/uploads/2021/01/Failed-transactions-report-Companion-Final.png,Failed-transactions-report-Companion-Final.png,
1548,Forex gains report Companion - final,https://developer.sprint.paymentology.com/wp-content/uploads/2021/01/Forex-gains-report-Companion-final.png,Forex-gains-report-Companion-final.png,
1539,Forex gains report final - Card API,https://developer.sprint.paymentology.com/wp-content/uploads/2021/01/Forex-gains-report-final-Card-API.png,Forex-gains-report-final-Card-API.png,
1547,Mark Off report Companion - final,https://developer.sprint.paymentology.com/wp-content/uploads/2021/01/Mark-Off-report-Companion-final.png,Mark-Off-report-Companion-final.png,
1540,MarkOff report final - Card API,https://developer.sprint.paymentology.com/wp-content/uploads/2021/01/MarkOff-report-final-Card-API.png,MarkOff-report-final-Card-API.png,
1489,Recon process - generic,https://developer.sprint.paymentology.com/wp-content/uploads/2021/01/Recon-process-generic.jpg,Recon-process-generic.jpg,
1541,Summary Settlement report - final,https://developer.sprint.paymentology.com/wp-content/uploads/2021/01/Summary-Settlement-report-final.png,Summary-Settlement-report-final.png,
1555,Tokenization Flow_01,https://developer.sprint.paymentology.com/wp-content/uploads/2021/01/Tokenization-Flow_01.png,Tokenization-Flow_01.png,
1556,Tokenization Flow_02,https://developer.sprint.paymentology.com/wp-content/uploads/2021/01/Tokenization-Flow_02.png,Tokenization-Flow_02.png,
1542,Unsettled transaction report Card - final,https://developer.sprint.paymentology.com/wp-content/uploads/2021/01/Unsettled-transaction-report-Card-final.png,Unsettled-transaction-report-Card-final.png,
1649,Card API issuing flow,https://developer.sprint.paymentology.com/wp-content/uploads/2021/02/Card-API-issuing-flow-1.png,Card-API-issuing-flow-1.png,
1648,Card API issuing flow,https://developer.sprint.paymentology.com/wp-content/uploads/2021/02/Card-API-issuing-flow.png,Card-API-issuing-flow.png,
1643,,https://developer.sprint.paymentology.com/wp-content/uploads/2021/02/Card-API-transaction-processing-1.png,Card-API-transaction-processing-1.png,
1640,Companion card issuing flow,https://developer.sprint.paymentology.com/wp-content/uploads/2021/02/Companion-card-issuing-flow-1.png,Companion-card-issuing-flow-1.png,
1638,Companion transaction processing,https://developer.sprint.paymentology.com/wp-content/uploads/2021/02/Companion-transaction-processing-3.png,Companion-transaction-processing-3.png,
1594,Companion transaction processing,https://developer.sprint.paymentology.com/wp-content/uploads/2021/02/Companion-transaction-processing.png,Companion-transaction-processing.png,
1599,Companion_card_3D_Secure,https://developer.sprint.paymentology.com/wp-content/uploads/2021/02/Companion_card_3D_Secure.pdf,Companion_card_3D_Secure.pdf,
1667,Grab numberless card,https://developer.sprint.paymentology.com/wp-content/uploads/2021/02/Grab-numberless-card.jpeg,Grab-numberless-card.jpeg,
1655,QR Payments ΓÇô End to end,https://developer.sprint.paymentology.com/wp-content/uploads/2021/02/QR-Payments-ΓCo-End-to-end.png,QR-Payments-ΓCo-End-to-end.png,
1658,QR Payments ΓÇô Merchant onboarding,https://developer.sprint.paymentology.com/wp-content/uploads/2021/02/QR-Payments-ΓCo-Merchant-onboarding.png,QR-Payments-ΓCo-Merchant-onboarding.png,
1657,QR Payments ΓÇô Payment Receive (Bank),https://developer.sprint.paymentology.com/wp-content/uploads/2021/02/QR-Payments-ΓCo-Payment-Receive-Bank.png,QR-Payments-ΓCo-Payment-Receive-Bank.png,
1656,QR Payments ΓÇô Payment send (Bank),https://developer.sprint.paymentology.com/wp-content/uploads/2021/02/QR-Payments-ΓCo-Payment-send-Bank.png,QR-Payments-ΓCo-Payment-send-Bank.png,
1768,Companion card settlement process,https://developer.sprint.paymentology.com/wp-content/uploads/2021/03/Companion-card-settlement-process.png,Companion-card-settlement-process.png,
1769,Forex fluctuation,https://developer.sprint.paymentology.com/wp-content/uploads/2021/03/Forex-fluctuation.png,Forex-fluctuation.png,
1756,TutukaCampaign_DailyAuthFailure_20210325,https://developer.sprint.paymentology.com/wp-content/uploads/2021/03/TutukaCampaign_DailyAuthFailure_20210325.csv,TutukaCampaign_DailyAuthFailure_20210325.csv,
1903,5286077-512,https://developer.sprint.paymentology.com/wp-content/uploads/2021/04/5286077-512.png,5286077-512.png,
1906,DailyAuthFailure_example,https://developer.sprint.paymentology.com/wp-content/uploads/2021/04/DailyAuthFailure_example.csv,DailyAuthFailure_example.csv,
1898,Daily_Settlement_Report_example,https://developer.sprint.paymentology.com/wp-content/uploads/2021/04/Daily_Settlement_Report_example.xls,Daily_Settlement_Report_example.xls,
1846,Failed transaction report code descriptions,https://developer.sprint.paymentology.com/wp-content/uploads/2021/04/Failed-transaction-report-code-descriptions.xlsx,Failed-transaction-report-code-descriptions.xlsx,
1900,Failed transactions report Companion - Final,https://developer.sprint.paymentology.com/wp-content/uploads/2021/04/Failed-transactions-report-Companion-Final.jpg,Failed-transactions-report-Companion-Final.jpg,
2047,AFD Transaction processing,https://developer.sprint.paymentology.com/wp-content/uploads/2021/05/AFD-Transaction-processing.png,AFD-Transaction-processing.png,
2058,Chargeback process flow,https://developer.sprint.paymentology.com/wp-content/uploads/2021/05/Chargeback-process-flow.png,Chargeback-process-flow.png,
2036,Reversal,https://developer.sprint.paymentology.com/wp-content/uploads/2021/05/Reversal.png,Reversal.png,
2020,image (35),https://developer.sprint.paymentology.com/wp-content/uploads/2021/05/image-35.png,image-35.png,
2031,learning,https://developer.sprint.paymentology.com/wp-content/uploads/2021/05/learning.png,learning.png,
2186,ATM,https://developer.sprint.paymentology.com/wp-content/uploads/2021/06/ATM.svg,ATM.svg,
2109,Auth,https://developer.sprint.paymentology.com/wp-content/uploads/2021/06/Auth.png,Auth.png,
2193,CVV,https://developer.sprint.paymentology.com/wp-content/uploads/2021/06/CVV.svg,CVV.svg,
2084,Chargeback process flow,https://developer.sprint.paymentology.com/wp-content/uploads/2021/06/Chargeback-process-flow.png,Chargeback-process-flow.png,
2190,Chargeback,https://developer.sprint.paymentology.com/wp-content/uploads/2021/06/Chargeback.svg,Chargeback.svg,
2191,Check out,https://developer.sprint.paymentology.com/wp-content/uploads/2021/06/Check-out.svg,Check-out.svg,
2129,Detailed Settlement report,https://developer.sprint.paymentology.com/wp-content/uploads/2021/06/Detailed-Settlement-report-1.png,Detailed-Settlement-report-1.png,
2122,Detailed Settlement report,https://developer.sprint.paymentology.com/wp-content/uploads/2021/06/Detailed-Settlement-report.png,Detailed-Settlement-report.png,
2085,Dispute Resolution Form - Fraud,https://developer.sprint.paymentology.com/wp-content/uploads/2021/06/Dispute-Resolution-Form-Fraud.docx,Dispute-Resolution-Form-Fraud.docx,
2086,Dispute Resolution Form,https://developer.sprint.paymentology.com/wp-content/uploads/2021/06/Dispute-Resolution-Form.docx,Dispute-Resolution-Form.docx,
2197,Integrate,https://developer.sprint.paymentology.com/wp-content/uploads/2021/06/Integrate.svg,Integrate.svg,
2199,Local,https://developer.sprint.paymentology.com/wp-content/uploads/2021/06/Local.svg,Local.svg,
2206,OTP,https://developer.sprint.paymentology.com/wp-content/uploads/2021/06/OTP.svg,OTP.svg,
2205,Originating institution,https://developer.sprint.paymentology.com/wp-content/uploads/2021/06/Originating-institution.svg,Originating-institution.svg,
2207,PIN verification,https://developer.sprint.paymentology.com/wp-content/uploads/2021/06/PIN-verification.svg,PIN-verification.svg,
2208,Prepaid,https://developer.sprint.paymentology.com/wp-content/uploads/2021/06/Prepaid.svg,Prepaid.svg,
2209,Processor Plus,https://developer.sprint.paymentology.com/wp-content/uploads/2021/06/Processor-Plus.svg,Processor-Plus.svg,
2210,Processor,https://developer.sprint.paymentology.com/wp-content/uploads/2021/06/Processor.svg,Processor.svg,
2211,Receiving institution,https://developer.sprint.paymentology.com/wp-content/uploads/2021/06/Receiving-institution.svg,Receiving-institution.svg,
2212,Reporting,https://developer.sprint.paymentology.com/wp-content/uploads/2021/06/Reporting.svg,Reporting.svg,
2161,Result codes,https://developer.sprint.paymentology.com/wp-content/uploads/2021/06/Result-codes.png,Result-codes.png,
2126,Settlement,https://developer.sprint.paymentology.com/wp-content/uploads/2021/06/Settlement-1.png,Settlement-1.png,
2110,Settlement,https://developer.sprint.paymentology.com/wp-content/uploads/2021/06/Settlement.png,Settlement.png,
2165,Structure,https://developer.sprint.paymentology.com/wp-content/uploads/2021/06/Structure.png,Structure.png,
2202,Successful transaction,https://developer.sprint.paymentology.com/wp-content/uploads/2021/06/Successful-transaction.svg,Successful-transaction.svg,
2204,Transaction,https://developer.sprint.paymentology.com/wp-content/uploads/2021/06/Transaction.svg,Transaction.svg,
2087,Visa Generic Dispute Form,https://developer.sprint.paymentology.com/wp-content/uploads/2021/06/Visa-Generic-Dispute-Form.docx,Visa-Generic-Dispute-Form.docx,
2187,authorize,https://developer.sprint.paymentology.com/wp-content/uploads/2021/06/authorize.svg,authorize.svg,
2188,bin,https://developer.sprint.paymentology.com/wp-content/uploads/2021/06/bin.svg,bin.svg,
2189,card limit reach,https://developer.sprint.paymentology.com/wp-content/uploads/2021/06/card-limit-reach.svg,card-limit-reach.svg,
2192,connect,https://developer.sprint.paymentology.com/wp-content/uploads/2021/06/connect.svg,connect.svg,
2117,credit-cards-payment,https://developer.sprint.paymentology.com/wp-content/uploads/2021/06/credit-cards-payment.png,credit-cards-payment.png,
2216,customer portal,https://developer.sprint.paymentology.com/wp-content/uploads/2021/06/customer-portal.svg,customer-portal.svg,
2194,deduct funds,https://developer.sprint.paymentology.com/wp-content/uploads/2021/06/deduct-funds.svg,deduct-funds.svg,
2112,fraud,https://developer.sprint.paymentology.com/wp-content/uploads/2021/06/fraud.png,fraud.png,
2195,get started,https://developer.sprint.paymentology.com/wp-content/uploads/2021/06/get-started.svg,get-started.svg,
2196,go live,https://developer.sprint.paymentology.com/wp-content/uploads/2021/06/go-live.svg,go-live.svg,
2116,headphones,https://developer.sprint.paymentology.com/wp-content/uploads/2021/06/headphones.png,headphones.png,
2198,load funds,https://developer.sprint.paymentology.com/wp-content/uploads/2021/06/load-funds.svg,load-funds.svg,
2185,money,https://developer.sprint.paymentology.com/wp-content/uploads/2021/06/money.svg,money.svg,
2111,revenue,https://developer.sprint.paymentology.com/wp-content/uploads/2021/06/revenue.png,revenue.png,
2213,secure,https://developer.sprint.paymentology.com/wp-content/uploads/2021/06/secure.svg,secure.svg,
2200,send money,https://developer.sprint.paymentology.com/wp-content/uploads/2021/06/send-money.svg,send-money.svg,
2201,settlement,https://developer.sprint.paymentology.com/wp-content/uploads/2021/06/settlement.svg,settlement.svg,
2221,support png,https://developer.sprint.paymentology.com/wp-content/uploads/2021/06/support-png.png,support-png.png,
2203,testing,https://developer.sprint.paymentology.com/wp-content/uploads/2021/06/testing.svg,testing.svg,
2115,tutuka_color (2),https://developer.sprint.paymentology.com/wp-content/uploads/2021/06/tutuka_color-2.png,tutuka_color-2.png,
2222,tutukaman_color,https://developer.sprint.paymentology.com/wp-content/uploads/2021/06/tutukaman_color.png,tutukaman_color.png,
2118,tutukaman_denim,https://developer.sprint.paymentology.com/wp-content/uploads/2021/06/tutukaman_denim.png,tutukaman_denim.png,
2257,Companion Transaction processing,https://developer.sprint.paymentology.com/wp-content/uploads/2021/07/Companion-Transaction-processing.png,Companion-Transaction-processing.png,
2259,How QR Payments work,https://developer.sprint.paymentology.com/wp-content/uploads/2021/07/How-QR-Payments-work.png,How-QR-Payments-work.png,
2282,How to issue a virtual card,https://developer.sprint.paymentology.com/wp-content/uploads/2021/07/How-to-issue-a-virtual-card.png,How-to-issue-a-virtual-card.png,
2275,MDES Push provisioning1,https://developer.sprint.paymentology.com/wp-content/uploads/2021/07/MDES-Push-provisioning1.png,MDES-Push-provisioning1.png,
2273,Mdes Manual provisioning,https://developer.sprint.paymentology.com/wp-content/uploads/2021/07/Mdes-Manual-provisioning.png,Mdes-Manual-provisioning.png,
2278,Physical card fulfilment flow,https://developer.sprint.paymentology.com/wp-content/uploads/2021/07/Physical-card-fulfilment-flow.png,Physical-card-fulfilment-flow.png,
2280,Settlement processing,https://developer.sprint.paymentology.com/wp-content/uploads/2021/07/Settlement-processing.png,Settlement-processing.png,
2270,Token life cycle management,https://developer.sprint.paymentology.com/wp-content/uploads/2021/07/Token-life-cycle-management.png,Token-life-cycle-management.png,
2332,Companion Transaction processing final,https://developer.sprint.paymentology.com/wp-content/uploads/2021/08/Companion-Transaction-processing-final.png,Companion-Transaction-processing-final.png,
2327,Forex fluctuation - card,https://developer.sprint.paymentology.com/wp-content/uploads/2021/08/Forex-fluctuation-card.png,Forex-fluctuation-card.png,
2328,Forex gains report final - Card API,https://developer.sprint.paymentology.com/wp-content/uploads/2021/08/Forex-gains-report-final-Card-API.png,Forex-gains-report-final-Card-API.png,
2326,MarkOff report final - Card API,https://developer.sprint.paymentology.com/wp-content/uploads/2021/08/MarkOff-report-final-Card-API.png,MarkOff-report-final-Card-API.png,
2346,Campaigns,https://developer.sprint.paymentology.com/wp-content/uploads/2021/09/Campaigns.png,Campaigns.png,
2342,Card API issuing process flow,https://developer.sprint.paymentology.com/wp-content/uploads/2021/09/Card-API-issuing-process-flow.png,Card-API-issuing-process-flow.png,
2399,Card Order1,https://developer.sprint.paymentology.com/wp-content/uploads/2021/10/Card-Order1-e1677256455482.png,Card-Order1-e1677256455482.png,
2396,Detailed Settlement report1,https://developer.sprint.paymentology.com/wp-content/uploads/2021/10/Detailed-Settlement-report1.png,Detailed-Settlement-report1.png,
2401,Failed transaction report1,https://developer.sprint.paymentology.com/wp-content/uploads/2021/10/Failed-transaction-report1-1.png,Failed-transaction-report1-1.png,
2400,Failed transaction report1,https://developer.sprint.paymentology.com/wp-content/uploads/2021/10/Failed-transaction-report1.png,Failed-transaction-report1.png,
2398,Forex Gains1,https://developer.sprint.paymentology.com/wp-content/uploads/2021/10/Forex-Gains1-1.png,Forex-Gains1-1.png,
2397,Forex Gains1,https://developer.sprint.paymentology.com/wp-content/uploads/2021/10/Forex-Gains1.png,Forex-Gains1.png,
2394,Mark Off report Companion - final,https://developer.sprint.paymentology.com/wp-content/uploads/2021/10/Mark-Off-report-Companion-final.png,Mark-Off-report-Companion-final.png,
2382,Payment lifecycle,https://developer.sprint.paymentology.com/wp-content/uploads/2021/10/Payment-lifecycle.png,Payment-lifecycle.png,
2395,Summary Settlement report final1,https://developer.sprint.paymentology.com/wp-content/uploads/2021/10/Summary-Settlement-report-final1.png,Summary-Settlement-report-final1.png,
2445,PubNub flow,https://developer.sprint.paymentology.com/wp-content/uploads/2022/03/PubNub-flow.png,PubNub-flow.png,
2446,TTS UAT,https://developer.sprint.paymentology.com/wp-content/uploads/2022/03/TTS-UAT.png,TTS-UAT.png,
2521,card-api-icon,https://developer.sprint.paymentology.com/wp-content/uploads/2022/07/card-api-icon.png,card-api-icon.png,
2522,companion-api-icon,https://developer.sprint.paymentology.com/wp-content/uploads/2022/07/companion-api-icon.png,companion-api-icon.png,
2516,ezgif.com-gif-maker,https://developer.sprint.paymentology.com/wp-content/uploads/2022/07/ezgif.com-gif-maker.jpg,ezgif.com-gif-maker.jpg,
2539,getting-started-banner-new,https://developer.sprint.paymentology.com/wp-content/uploads/2022/07/getting-started-banner-new.jpg,getting-started-banner-new.jpg,
2523,qr-payments-icon,https://developer.sprint.paymentology.com/wp-content/uploads/2022/07/qr-payments-icon.png,qr-payments-icon.png,
2681,Paymentology_square,https://developer.sprint.paymentology.com/wp-content/uploads/2022/09/Paymentology_square.png,Paymentology_square.png,
2856,Card API Physical Card test script,https://developer.sprint.paymentology.com/wp-content/uploads/2022/11/Card-API-Physical-Card-test-script.xlsx,Card-API-Physical-Card-test-script.xlsx,
2857,Card API Virtual Card test script,https://developer.sprint.paymentology.com/wp-content/uploads/2022/11/Card-API-Virtual-Card-test-script.xlsx,Card-API-Virtual-Card-test-script.xlsx,
2854,Companion API Physical Card test script,https://developer.sprint.paymentology.com/wp-content/uploads/2022/11/Companion-API-Physical-Card-test-script.xlsx,Companion-API-Physical-Card-test-script.xlsx,
2855,Companion API Virtual Card test script,https://developer.sprint.paymentology.com/wp-content/uploads/2022/11/Companion-API-Virtual-Card-test-script.xlsx,Companion-API-Virtual-Card-test-script.xlsx,
2824,Paymentology-favicon,https://developer.sprint.paymentology.com/wp-content/uploads/2022/11/Paymentology-favicon.png,Paymentology-favicon.png,
2820,Paymentology_favicon,https://developer.sprint.paymentology.com/wp-content/uploads/2022/11/Paymentology_square.jpg,Paymentology_square.jpg,
2828,cropped-Paymentology-favicon-1.png,https://developer.sprint.paymentology.com/wp-content/uploads/2022/11/cropped-Paymentology-favicon-1.png,cropped-Paymentology-favicon-1.png,
2825,cropped-Paymentology-favicon.png,https://developer.sprint.paymentology.com/wp-content/uploads/2022/11/cropped-Paymentology-favicon.png,cropped-Paymentology-favicon.png,
2827,cropped-Paymentology_square.jpg,https://developer.sprint.paymentology.com/wp-content/uploads/2022/11/cropped-Paymentology_square.jpg,cropped-Paymentology_square.jpg,
2843,paymentology-favicon-green,https://developer.sprint.paymentology.com/wp-content/uploads/2022/11/paymentology-favicon-green.png,paymentology-favicon-green.png,
3152,Card-Order1,https://developer.sprint.paymentology.com/wp-content/uploads/2023/02/Card-Order1.png,Card-Order1.png,
3230,AFD-Transaction-processing-v2,https://developer.sprint.paymentology.com/wp-content/uploads/2023/03/AFD-Transaction-processing-v2.png,AFD-Transaction-processing-v2.png,
3256,Card-API-issuing-process-flow-v2,https://developer.sprint.paymentology.com/wp-content/uploads/2023/03/Card-API-issuing-process-flow-v2.png,Card-API-issuing-process-flow-v2.png,
3251,Card-API-transaction-processing-1-v2,https://developer.sprint.paymentology.com/wp-content/uploads/2023/03/Card-API-transaction-processing-1-v2.png,Card-API-transaction-processing-1-v2.png,
3248,Card-API-transaction-processing-1,https://developer.sprint.paymentology.com/wp-content/uploads/2023/03/Card-API-transaction-processing-1.png,Card-API-transaction-processing-1.png,
3246,Chargeback-process-flow-v2,https://developer.sprint.paymentology.com/wp-content/uploads/2023/03/Chargeback-process-flow-v2.png,Chargeback-process-flow-v2.png,
3254,Companion-Transaction-processing-v2,https://developer.sprint.paymentology.com/wp-content/uploads/2023/03/Companion-Transaction-processing-v2-1.png,Companion-Transaction-processing-v2-1.png,
3215,Companion-Transaction-processing-v2,https://developer.sprint.paymentology.com/wp-content/uploads/2023/03/Companion-Transaction-processing-v2.png,Companion-Transaction-processing-v2.png,
3222,Companion-card-issuing-flow-1-v2,https://developer.sprint.paymentology.com/wp-content/uploads/2023/03/Companion-card-issuing-flow-1-v2.png,Companion-card-issuing-flow-1-v2.png,
3224,Companion-transaction-processing-3-v2,https://developer.sprint.paymentology.com/wp-content/uploads/2023/03/Companion-transaction-processing-3-v2.png,Companion-transaction-processing-3-v2.png,
3244,Forex-fluctuation-v2,https://developer.sprint.paymentology.com/wp-content/uploads/2023/03/Forex-fluctuation-v2.png,Forex-fluctuation-v2.png,
3232,How-QR-Payments-work-v2,https://developer.sprint.paymentology.com/wp-content/uploads/2023/03/How-QR-Payments-work-v2.png,How-QR-Payments-work-v2.png,
3218,How-to-issue-a-virtual-card-v2,https://developer.sprint.paymentology.com/wp-content/uploads/2023/03/How-to-issue-a-virtual-card-v2.png,How-to-issue-a-virtual-card-v2.png,
3236,MDES-Push-provisioning1-v2,https://developer.sprint.paymentology.com/wp-content/uploads/2023/03/MDES-Push-provisioning1-v2.png,MDES-Push-provisioning1-v2.png,
3238,Mdes-Manual-provisioning-v2,https://developer.sprint.paymentology.com/wp-content/uploads/2023/03/Mdes-Manual-provisioning-v2.png,Mdes-Manual-provisioning-v2.png,
3220,Physical-card-fulfilment-flow-v2,https://developer.sprint.paymentology.com/wp-content/uploads/2023/03/Physical-card-fulfilment-flow-v2.png,Physical-card-fulfilment-flow-v2.png,
3265,QR-Payments-End-to-end-v2,https://developer.sprint.paymentology.com/wp-content/uploads/2023/03/QR-Payments-End-to-end-v2.png,QR-Payments-End-to-end-v2.png,
3274,QR-Payments-Merchant-onboarding-v2,https://developer.sprint.paymentology.com/wp-content/uploads/2023/03/QR-Payments-Merchant-onboarding-v2.png,QR-Payments-Merchant-onboarding-v2.png,
3270,QR-Payments-receive-bank-v2,https://developer.sprint.paymentology.com/wp-content/uploads/2023/03/QR-Payments-receive-bank-v2.png,QR-Payments-receive-bank-v2.png,
3272,QR-Payments-send-bank-v2,https://developer.sprint.paymentology.com/wp-content/uploads/2023/03/QR-Payments-send-bank-v2-1.png,QR-Payments-send-bank-v2-1.png,
3268,QR-Payments-send-bank-v2,https://developer.sprint.paymentology.com/wp-content/uploads/2023/03/QR-Payments-send-bank-v2.png,QR-Payments-send-bank-v2.png,
3226,Reversal-v2,https://developer.sprint.paymentology.com/wp-content/uploads/2023/03/Reversal-v2.png,Reversal-v2.png,
3242,Settlement-processing-v2,https://developer.sprint.paymentology.com/wp-content/uploads/2023/03/Settlement-processing-v2.png,Settlement-processing-v2.png,
3240,Token-life-cycle-management-v2,https://developer.sprint.paymentology.com/wp-content/uploads/2023/03/Token-life-cycle-management-v2.png,Token-life-cycle-management-v2.png,
3258,Tokenization-Flow_01-v2,https://developer.sprint.paymentology.com/wp-content/uploads/2023/03/Tokenization-Flow_01-v2.png,Tokenization-Flow_01-v2.png,
3260,Tokenization-Flow_02-v2,https://developer.sprint.paymentology.com/wp-content/uploads/2023/03/Tokenization-Flow_02-v2-1.png,Tokenization-Flow_02-v2-1.png,
3234,Tokenization-Flow_02-v2,https://developer.sprint.paymentology.com/wp-content/uploads/2023/03/Tokenization-Flow_02-v2.png,Tokenization-Flow_02-v2.png,
3228,image-35-v2,https://developer.sprint.paymentology.com/wp-content/uploads/2023/03/image-35-v2.png,image-35-v2.png,
3417,Mastercard Generic Dispute Resolution Form - Fraud,https://developer.sprint.paymentology.com/wp-content/uploads/2023/06/Mastercard-Generic-Dispute-Resolution-Form-Fraud.docx,Mastercard-Generic-Dispute-Resolution-Form-Fraud.docx,
3419,Visa Generic Dispute Form,https://developer.sprint.paymentology.com/wp-content/uploads/2023/06/Visa-Generic-Dispute-Form.docx,Visa-Generic-Dispute-Form.docx,
3408,code-image,https://developer.sprint.paymentology.com/wp-content/uploads/2023/06/nameimage.png,nameimage.png,
3881,ActiveCards_CampaignName_YYYY-MM-DD-YYYY-MM-DD.csv,https://developer.sprint.paymentology.com/wp-content/uploads/2023/12/ActiveCards_CampaignName_YYYY-MM-DD-YYYY-MM-DD.csv,ActiveCards_CampaignName_YYYY-MM-DD-YYYY-MM-DD.csv,
3846,CampaignNameDailySettlementsYYYYMMDD.csv,https://developer.sprint.paymentology.com/wp-content/uploads/2023/12/CampaignNameDailySettlementsYYYYMMDD-1.csv,CampaignNameDailySettlementsYYYYMMDD-1.csv,
4031,CampaignNameDailySettlementsYYYYMMDDsample.csv,https://developer.sprint.paymentology.com/wp-content/uploads/2023/12/CampaignNameDailySettlementsYYYYMMDD-2.csv,CampaignNameDailySettlementsYYYYMMDD-2.csv,
3834,CampaignNameDailySettlementsYYYYMMDD.csv,https://developer.sprint.paymentology.com/wp-content/uploads/2023/12/CampaignNameDailySettlementsYYYYMMDD.csv,CampaignNameDailySettlementsYYYYMMDD.csv,
3952,CampaignName_ApplePay Monthly Fee Billing Report Month YYYY,https://developer.sprint.paymentology.com/wp-content/uploads/2023/12/CampaignName_ApplePay-Monthly-Fee-Billing-Report-Month-YYYY-.png,CampaignName_ApplePay-Monthly-Fee-Billing-Report-Month-YYYY-.png,
3957,ApplePay Monthly Fee Billing Report,https://developer.sprint.paymentology.com/wp-content/uploads/2023/12/CampaignName_ApplePay-Monthly-Fee-Billing-Report-Month-YYYY-_-002.png,CampaignName_ApplePay-Monthly-Fee-Billing-Report-Month-YYYY-_-002.png,
3861,CampaignName_ApplePay Monthly Fee Billing Report Month YYYY.xls,https://developer.sprint.paymentology.com/wp-content/uploads/2023/12/CampaignName_ApplePay-Monthly-Fee-Billing-Report-Month-YYYY.xls,CampaignName_ApplePay-Monthly-Fee-Billing-Report-Month-YYYY.xls,
3963,CampaignName_ApplePay Monthly Frequency Report Month YYYY _,https://developer.sprint.paymentology.com/wp-content/uploads/2023/12/CampaignName_ApplePay-Monthly-Frequency-Report-Month-YYYY-_.png,CampaignName_ApplePay-Monthly-Frequency-Report-Month-YYYY-_.png,
3863,CampaignName_ApplePay Monthly Frequency Report Month YYYY.xls,https://developer.sprint.paymentology.com/wp-content/uploads/2023/12/CampaignName_ApplePay-Monthly-Frequency-Report-Month-YYYY.xls,CampaignName_ApplePay-Monthly-Frequency-Report-Month-YYYY.xls,
3965,CampaignName_ApplePay Monthly Metric Report Month YYYY _ (002),https://developer.sprint.paymentology.com/wp-content/uploads/2023/12/CampaignName_ApplePay-Monthly-Metric-Report-Month-YYYY-_-002.png,CampaignName_ApplePay-Monthly-Metric-Report-Month-YYYY-_-002.png,
3865,CampaignName_ApplePay Monthly Metric Report Month YYYY.xls,https://developer.sprint.paymentology.com/wp-content/uploads/2023/12/CampaignName_ApplePay-Monthly-Metric-Report-Month-YYYY.xls,CampaignName_ApplePay-Monthly-Metric-Report-Month-YYYY.xls,
3892,CampaignName_ApplePay Quarterly Fee Billing Report Month YYYY,https://developer.sprint.paymentology.com/wp-content/uploads/2023/12/CampaignName_ApplePay-Quarterly-Fee-Billing-Report-Month-YYYY-.png,CampaignName_ApplePay-Quarterly-Fee-Billing-Report-Month-YYYY-.png,
3982,CampaignName_ApplePay Quarterly Fee Billing Report Month YYYY (003),https://developer.sprint.paymentology.com/wp-content/uploads/2023/12/CampaignName_ApplePay-Quarterly-Fee-Billing-Report-Month-YYYY-003.png,CampaignName_ApplePay-Quarterly-Fee-Billing-Report-Month-YYYY-003.png,
3868,CampaignName_ApplePay Quarterly Fee Billing Report Month YYYY.xls,https://developer.sprint.paymentology.com/wp-content/uploads/2023/12/CampaignName_ApplePay-Quarterly-Fee-Billing-Report-Month-YYYY.xls,CampaignName_ApplePay-Quarterly-Fee-Billing-Report-Month-YYYY.xls,
3967,CampaignName_ApplePay Top Merchant Report MMM YYYY _,https://developer.sprint.paymentology.com/wp-content/uploads/2023/12/CampaignName_ApplePay-Top-Merchant-Report-MMM-YYYY-_.png,CampaignName_ApplePay-Top-Merchant-Report-MMM-YYYY-_.png,
3872,CampaignName_ApplePay Top Merchant Report MMM YYYY.xls,https://developer.sprint.paymentology.com/wp-content/uploads/2023/12/CampaignName_ApplePay-Top-Merchant-Report-MMM-YYYY.xls,CampaignName_ApplePay-Top-Merchant-Report-MMM-YYYY.xls,
3850,CampaignName_DailyAuthFailure_YYYYMMDD.csv,https://developer.sprint.paymentology.com/wp-content/uploads/2023/12/CampaignName_DailyAuthFailure_YYYYMMDD-card.csv,CampaignName_DailyAuthFailure_YYYYMMDD-card.csv,
3838,CampaignName_DailyAuthFailure_YYYYMMDD.csv,https://developer.sprint.paymentology.com/wp-content/uploads/2023/12/CampaignName_DailyAuthFailure_YYYYMMDD.csv,CampaignName_DailyAuthFailure_YYYYMMDD.csv,
4091,CampaignName_Linked_Cards_YYYYMMDD,https://developer.sprint.paymentology.com/wp-content/uploads/2023/12/CampaignName_Linked_Cards_YYYYMMDD-.png,CampaignName_Linked_Cards_YYYYMMDD-.png,
4024,CampaignName_Linked_Cards_YYYYMMDD.csv,https://developer.sprint.paymentology.com/wp-content/uploads/2023/12/CampaignName_Linked_Cards_YYYYMMDD.csv,CampaignName_Linked_Cards_YYYYMMDD.csv,
3830,[CampaignName]_MarkOffFile_GMT_plus_3_00h00_[YYYYMMDD],https://developer.sprint.paymentology.com/wp-content/uploads/2023/12/CampaignName_MarkOffFile_GMT_plus_3_00h00_YYYYMMDD.csv,CampaignName_MarkOffFile_GMT_plus_3_00h00_YYYYMMDD.csv,
3842,CampaignName_MarkOffFile_YYYYMMDD.csv,https://developer.sprint.paymentology.com/wp-content/uploads/2023/12/CampaignName_MarkOffFile_YYYYMMDD.csv,CampaignName_MarkOffFile_YYYYMMDD.csv,
3852,CampaignName_PanDetails_YYYYMMDD.csv,https://developer.sprint.paymentology.com/wp-content/uploads/2023/12/CampaignName_PanDetails_YYYYMMDD-card.csv,CampaignName_PanDetails_YYYYMMDD-card.csv,
3840,CampaignName_PanDetails_YYYYMMDD.csv,https://developer.sprint.paymentology.com/wp-content/uploads/2023/12/CampaignName_PanDetails_YYYYMMDD.csv,CampaignName_PanDetails_YYYYMMDD.csv,
4108,CampaignName_Statement_YYYYMMDD.csv,https://developer.sprint.paymentology.com/wp-content/uploads/2023/12/CampaignName_Statement_YYYYMMDD.csv,CampaignName_Statement_YYYYMMDD.csv,
4088,CampaignName_UnsettledTransactionReport_YYYYMMDD,https://developer.sprint.paymentology.com/wp-content/uploads/2023/12/CampaignName_UnsettledTransactionReport_YYYYMMDD-.png,CampaignName_UnsettledTransactionReport_YYYYMMDD-.png,
3858,CampaignName_UnsettledTransactionReport_YYYYMMDD.csv,https://developer.sprint.paymentology.com/wp-content/uploads/2023/12/CampaignName_UnsettledTransactionReport_YYYYMMDD.csv,CampaignName_UnsettledTransactionReport_YYYYMMDD.csv,
4102,CampaignName_authorisationincomereport_YYYY_MM_DD,https://developer.sprint.paymentology.com/wp-content/uploads/2023/12/CampaignName_authorisationincomereport_YYYY_MM_DD-.png,CampaignName_authorisationincomereport_YYYY_MM_DD-.png,
3883,CampaignName_authorisationincomereport_YYYY_MM_DD.csv,https://developer.sprint.paymentology.com/wp-content/uploads/2023/12/CampaignName_authorisationincomereport_YYYY_MM_DD.csv,CampaignName_authorisationincomereport_YYYY_MM_DD.csv,
4099,CampaignName_cardbalances_YYYY_MM_DD,https://developer.sprint.paymentology.com/wp-content/uploads/2023/12/CampaignName_cardbalances_YYYY_MM_DD-.png,CampaignName_cardbalances_YYYY_MM_DD-.png,
4019,CampaignName_cardbalances_YYYY_MM_DD.csv,https://developer.sprint.paymentology.com/wp-content/uploads/2023/12/CampaignName_cardbalances_YYYY_MM_DD.csv,CampaignName_cardbalances_YYYY_MM_DD.csv,
4095,CampaignName_googlepay_monthlyreport_MMM YYYY,https://developer.sprint.paymentology.com/wp-content/uploads/2023/12/CampaignName_googlepay_monthlyreport_MMM-YYYY-.png,CampaignName_googlepay_monthlyreport_MMM-YYYY-.png,
3874,CampaignNamegooglepaymonthlyreportMMM YYYY.csv,https://developer.sprint.paymentology.com/wp-content/uploads/2023/12/CampaignNamegooglepaymonthlyreportMMM-YYYY.csv,CampaignNamegooglepaymonthlyreportMMM-YYYY.csv,
3848,DailyForexReport_CAMID(NNN)_(YYYY_MM_DD).xls,https://developer.sprint.paymentology.com/wp-content/uploads/2023/12/DailyForexReport_CAMIDNNN_YYYY_MM_DD.xls,DailyForexReport_CAMIDNNN_YYYY_MM_DD.xls,
3836,DailyForexReport_CAMID_(YYYY_MM_DD).xls,https://developer.sprint.paymentology.com/wp-content/uploads/2023/12/DailyForexReport_CAMID_YYYY_MM_DD.xls,DailyForexReport_CAMID_YYYY_MM_DD.xls,
3844,Daily_Settlement_Report_ICA_(YYYY_MM_DD).xls,https://developer.sprint.paymentology.com/wp-content/uploads/2023/12/Daily_Settlement_Report_ICA_YYYY_MM_DD-1.xls,Daily_Settlement_Report_ICA_YYYY_MM_DD-1.xls,
3832,Daily_Settlement_Report_ICA_(YYYY_MM_DD).xls,https://developer.sprint.paymentology.com/wp-content/uploads/2023/12/Daily_Settlement_Report_ICA_YYYY_MM_DD.xls,Daily_Settlement_Report_ICA_YYYY_MM_DD.xls,
3947,Dispute Resolution Form - Fraud,https://developer.sprint.paymentology.com/wp-content/uploads/2023/12/Dispute-Resolution-Form-Fraud.docx,Dispute-Resolution-Form-Fraud.docx,
4083,EcommerceTransactions_CampaignName_YYYYMMDD,https://developer.sprint.paymentology.com/wp-content/uploads/2023/12/EcommerceTransactions_CampaignName_YYYYMMDD-.png,EcommerceTransactions_CampaignName_YYYYMMDD-.png,
3877,EcommerceTransactions_CampaignName_YYYYMMDD.csv,https://developer.sprint.paymentology.com/wp-content/uploads/2023/12/EcommerceTransactions_CampaignName_YYYYMMDD.csv,EcommerceTransactions_CampaignName_YYYYMMDD.csv,
4077,InactiveCards_CampaignName_YYYY-MM-DD-YYYY-MM-DD,https://developer.sprint.paymentology.com/wp-content/uploads/2023/12/InactiveCards_CampaignName_YYYY-MM-DD-YYYY-MM-DD-.png,InactiveCards_CampaignName_YYYY-MM-DD-YYYY-MM-DD-.png,
4078,InactiveCards_CampaignName_YYYY-MM-DD-YYYY-MM-DD,https://developer.sprint.paymentology.com/wp-content/uploads/2023/12/InactiveCards_CampaignName_YYYY-MM-DD-YYYY-MM-DD-1-1.png,InactiveCards_CampaignName_YYYY-MM-DD-YYYY-MM-DD-1-1.png,
3879,InactiveCards_CampaignName_YYYY-MM-DD-YYYY-MM-DD.csv,https://developer.sprint.paymentology.com/wp-content/uploads/2023/12/InactiveCards_CampaignName_YYYY-MM-DD-YYYY-MM-DD.csv,InactiveCards_CampaignName_YYYY-MM-DD-YYYY-MM-DD.csv,
4057,QMR_BIN_ClientName_YYYYQQ.xls,https://developer.sprint.paymentology.com/wp-content/uploads/2023/12/QMR_BIN_ClientName_YYYYQQ.xls,QMR_BIN_ClientName_YYYYQQ.xls,
4038,QVR_SRE[SRE]_[YYYYMMDD]-[YYYYMMDD].xls,https://developer.sprint.paymentology.com/wp-content/uploads/2023/12/QVR_SRE-SRE_YYYYMMDD-YYYYMMDD.xls,QVR_SRE-SRE_YYYYMMDD-YYYYMMDD.xls,
4173,CampaignNameDailySettlementsYYYYMMDD.csv,https://developer.sprint.paymentology.com/wp-content/uploads/2024/01/CampaignNameDailySettlementsYYYYMMDD.csv,CampaignNameDailySettlementsYYYYMMDD.csv,
4126,CampaignName_ApplePay Declines Report MONTH YYYY.xls,https://developer.sprint.paymentology.com/wp-content/uploads/2024/01/CampaignName_ApplePay-Declines-Report-MONTH-YYYY.xls,CampaignName_ApplePay-Declines-Report-MONTH-YYYY.xls,
4181,CampaignName_UnsettledTransactionReport_YYYYMMDD.csv V2 sample,https://developer.sprint.paymentology.com/wp-content/uploads/2024/01/CampaignName_UnsettledTransactionReport_YYYYMMDD-V2sample.csv,CampaignName_UnsettledTransactionReport_YYYYMMDD-V2sample.csv,
4179,Card API transaction processing,https://developer.sprint.paymentology.com/wp-content/uploads/2024/01/Card-API-transaction-processing-1-v2-1.png,Card-API-transaction-processing-1-v2-1.png,
4168,3DS OOB Final response and final confirmation,https://developer.sprint.paymentology.com/wp-content/uploads/2024/01/Final-Response-and-Final-Confirmation-Light.png,Final-Response-and-Final-Confirmation-Light.png,
4167,3DS OOB Request and initial response,https://developer.sprint.paymentology.com/wp-content/uploads/2024/01/Request-and-initial-response-Light.png,Request-and-initial-response-Light.png,
4408,CampaignName Blocked Transactions - 231015-231022.xls,https://developer.sprint.paymentology.com/wp-content/uploads/2024/02/CampaignName-Blocked-Transactions-231015-231022.xls,CampaignName-Blocked-Transactions-231015-231022.xls,
4451,CampaignNameDailySettlementsYYYYMMDD.csv,https://developer.sprint.paymentology.com/wp-content/uploads/2024/02/CampaignNameDailySettlementsYYYYMMDD.csv,CampaignNameDailySettlementsYYYYMMDD.csv,
4427,CampaignName_DailySalesRedmeptionStatement YYYY-MM-DD.csv,https://developer.sprint.paymentology.com/wp-content/uploads/2024/02/CampaignName_DailySalesRedmeptionStatement-YYYY-MM-DD.csv,CampaignName_DailySalesRedmeptionStatement-YYYY-MM-DD.csv,
4449,CampaignName_MarkOffFile_GMT_plus_3_00h00_YYYYMMDD.csv,https://developer.sprint.paymentology.com/wp-content/uploads/2024/02/CampaignName_MarkOffFile_GMT_plus_3_00h00_YYYYMMDD.csv,CampaignName_MarkOffFile_GMT_plus_3_00h00_YYYYMMDD.csv,
4320,Chargeback process flow,https://developer.sprint.paymentology.com/wp-content/uploads/2024/02/Diagram-for-Sprint-Developer-Porta_Lightmode-2.png,Diagram-for-Sprint-Developer-Porta_Lightmode-2.png,
4323,Pubnub transaction stream flow,https://developer.sprint.paymentology.com/wp-content/uploads/2024/02/Diagram-for-Sprint-Developer-Porta_Lightmode-3.png,Diagram-for-Sprint-Developer-Porta_Lightmode-3.png,
4440,VAUtransactionsReportClientName_YYYY-MM-DD.csv,https://developer.sprint.paymentology.com/wp-content/uploads/2024/02/VAUtransactionsReportClientName_YYYY-MM-DD.csv,VAUtransactionsReportClientName_YYYY-MM-DD.csv,
4558,Dual message - settlement process,https://developer.sprint.paymentology.com/wp-content/uploads/2024/04/Diagrams-wip.png,Diagrams-wip.png,
4819,Dual message settlement process,https://developer.sprint.paymentology.com/wp-content/uploads/2024/07/Dual-message-settlement-process.png,Dual-message-settlement-process.png,
4810,IndustryID_PermissibleValues,https://developer.sprint.paymentology.com/wp-content/uploads/2024/07/IndustryID_PermissibleValues.pdf,IndustryID_PermissibleValues.pdf,
5002,CampaignName_DailyAuthFailure_YYYYMMDD.csv V2 sample,https://developer.sprint.paymentology.com/wp-content/uploads/2024/10/CampaignName_DailyAuthFailure_YYYYMMDD-.csv,CampaignName_DailyAuthFailure_YYYYMMDD-.csv,
5025,DailyNegativeBalanceReportOnChargebackQueue_CampaignName_YYYYMMDD.csv,https://developer.sprint.paymentology.com/wp-content/uploads/2024/10/DailyNegativeBalanceReportOnChargebackQueue_CampaignName_YYYYMMDD.csv,DailyNegativeBalanceReportOnChargebackQueue_CampaignName_YYYYMMDD.csv,
5082,QMR_BIN_ClientName_YYYYQQ,https://developer.sprint.paymentology.com/wp-content/uploads/2025/01/QMR_BIN_ClientName_YYYYQQ.xls,QMR_BIN_ClientName_YYYYQQ.xls,
5119,Sprint chat example,https://developer.sprint.paymentology.com/wp-content/uploads/2025/04/Sprint-chat-example-e1743472176526.png,Sprint-chat-example-e1743472176526.png,
5123,Sprint feedback buttons,https://developer.sprint.paymentology.com/wp-content/uploads/2025/04/Sprint-feedback-buttons-1-e1743472145749.png,Sprint-feedback-buttons-1-e1743472145749.png,
5121,Sprint feedback buttons,https://developer.sprint.paymentology.com/wp-content/uploads/2025/04/Sprint-feedback-buttons.png,Sprint-feedback-buttons.png,
5120,Sprint search example,https://developer.sprint.paymentology.com/wp-content/uploads/2025/04/Sprint-search-example-e1743472098983.png,Sprint-search-example-e1743472098983.png,
5141,CampaignName_DailyAuthFailure_YYYYMMDD.csv - V2 sample,https://developer.sprint.paymentology.com/wp-content/uploads/2025/05/CampaignName_DailyAuthFailure_YYYYMMDD-V2.csv,CampaignName_DailyAuthFailure_YYYYMMDD-V2.csv,
