Sequence,Card,Tracking,Additional Data
00000123,XXXXXXXXXXXX1233,3.45679E+14,abc123vgh-1234-5678-beb0-c34c12abcde1
00012345,XXXXXXXXXXXX1235,3.45679E+14,def123vgh-1234-5678-beb0-c34c12abcde1
00012346,XXXXXXXXXXXX1236,3.45679E+14,def123vgh-1234-5678-beb0-c34c12fghij2
00012347,XXXXXXXXXXXX1237,3.45679E+14,jkl456vgh-1234-5678-beb0-c34c12fghij2
00012348,XXXXXXXXXXXX1238,3.45679E+14,456b3a12-efgh-1234-abcd-1234514f63kk
00012349,XXXXXXXXXXXX1239,3.45679E+14,789b3a12-efgh-1234-abcd-1234514f63jj
00012350,XXXXXXXXXXXX1240,3.45679E+14,123b3a12-efgh-1234-abcd-1234514f63ll
00012351,XXXXXXXXXXXX1241,3.45679E+14,7a123456-abcd-1234-5678-bca5c12b2b8c
00012352,XXXXXXXXXXXX1242,3.45679E+14,7a123456-abcd-1234-5678-bca5c1212345
