CampaignName,TutukaSystemDate,TimeDateStamp,CustomerReference,PocketID,TransactionDescription,TransactionType,TransactionID,SequenceNumber,TrackingNumber,Amount
This Is My Campaign Name,29/11/2023 0:08,29/11/2023 0:08,1234567890,abc123vgh-1234-5678-beb0-c34c12abcde1,LoadFunds,0,123456789-load,12345,1.23457E+14,70000
This Is My Campaign Name,29/11/2023 0:09,29/11/2023 0:09,1234567891,def123vgh-1234-5678-beb0-c34c12abcde1,LoadFunds,0,123456788-load,12346,1.23457E+14,42000
This Is My Campaign Name,29/11/2023 0:46,29/11/2023 0:46,1234567892,def123vgh-1234-5678-beb0-c34c12fghij2,LoadFunds,0,123456790-load,12351,1.23457E+14,33000
This Is My Campaign Name,29/11/2023 1:45,29/11/2023 1:45,1234567893,jkl456vgh-1234-5678-beb0-c34c12fghij2,DeductFund,0,987654321-deduct,12352,1.23457E+14,49000
This Is My Campaign Name,29/11/2023 3:28,29/11/2023 3:28,1234567894,456b3a12-efgh-1234-abcd-1234514f63kk,LoadFunds,0,123456791-load,12353,1.23457E+14,2400
This Is My Campaign Name,29/11/2023 5:47,29/11/2023 5:47,1234567895,789b3a12-efgh-1234-abcd-1234514f63jj,DeductFund,0,987651234-deduct,12357,9.76457E+14,20000
This Is My Campaign Name,29/11/2023 6:00,29/11/2023 6:00,1234567896,123b3a12-efgh-1234-abcd-1234514f63ll,DeductFund,0,987612345-deduct,32294,8.54357E+14,200000
This Is My Campaign Name,29/11/2023 6:01,29/11/2023 6:01,1234567897,7a123456-abcd-1234-5678-bca5c12b2b8c,LoadFunds,0,123456772-load,76543,7.65432E+14,20000
This Is My Campaign Name,29/11/2023 6:01,29/11/2023 6:01,1234567898,7a123456-abcd-1234-5678-bca5c1212345,DeductFund,0,912345321-deduct,74589,5.43217E+14,100000
