FirstLastName,BillingPostalCode,BillingStreetAddress,BillingCountryCode,BillingCity,BillingAdministativeArea,FullPhoneNumber,OpaquePaymentCard,FundingPrimaryAccountNumber,ExpirationDate
Daniel Ricciardon,3012,8 Winner St,AUS,Perth,NSW,1234567,4.56789E+15,6.54322E+15,Mar-26
Lando Norrissey,8053,4 Podium Circle,UK,Christchurch,Canterbury,9876543,4.5679E+15,6.54321E+15,Mar-26
Bruce McLarendy,SW1V 3QA,20 Founders Lane,NZL,Auckland,QLD,8889999,4.5679E+15,6.54321E+15,Mar-26
Carlos Sainze,N1 1QB,12 Podium Park,SPN,London,London,1113333,4.5679E+15,6.54322E+15,Mar-26
Fernando Alonson,3000,2 Time Avenue,SPN,Cape Town City,Cape Town,7777777,4.5679E+15,6.54322E+15,Apr-26
Lewis Hamiltonian,3001,8 Time Avenue,UK,Manchester City,Manchester,9999999,4.5679E+15,6.54322E+15,Apr-26
Ayrton Sennan,3012,1 Legends St,BRA,Barcelona City,Barcelona,8888888,4.56789E+15,6.54321E+15,Apr-26
Alex Albonese,N2 845B,2 Newbie St,UK,Manchester City,Manchester,7.49123E+11,4.56789E+15,6.54321E+15,May-28
Sebastian Vettelry,745 SWB829,7651 Beez Kneez Avenue,AUS,Kentucky Town,Kentucky Town West,21123456789,4.56733E+15,6.54321E+15,May-28
