VoucherNumber,TrackingNumber,WalletReference,CardStatus,VoucherBalanceAmount,CampaignName,AuthorisationID,AuthorisationAmount,AuthorisationDate,TransactionType,CampaignCurrencySymbolHTML,MerchantName
XXXXXXXXXXXX1234,7.89099E+14,5g67hjuf-01c5-4f0b-afa6-h76hg56789g6,Active,-172.74,Bank101 Platinum Card 101,6789876509,182.99,17/09/2024,0,USD,HOLLO PUB NAME  Melbourne     AUS
XXXXXXXXXXXX4321,2.90439E+14,6hy7f8d9-3752-446f-9a9a-f56d7shd8d99,Active,-84.33,Bank101 Platinum Card 101,2078987654,87.21,17/09/2024,1,USD,Hostel Name          PETONE AKLD NZL
XXXXXXXXXXXX7890,8.22737E+14,5d66ss77-27b5-4f0c-a4aa-6fhd7s8ahd8f,Active,-131.03,Bank101 Platinum Card 101,4567563524,134.03,17/09/2024,1,USD,Oopsies Daisys   Bali Ubud IND
XXXXXXXXXXXX0987,7.83738E+14,gdhd77s8-230f-4114-8432-789fg6dhs78,Active,-6.84,Bank101 Platinum Card 101,6578493874,143.84,17/09/2024,0,USD,FAKEBILL.COM/BILL         FAKEBILL.COM    IRL
XXXXXXXXXXXX5678,4.96136E+14,h788dh88-0fe7-418e-9944-7ghd778s99ah,Inactive,-115.68,Bank101 Platinum Card 101,4009879099,118.38,17/09/2024,0,USD,SWAMP/MRT                AUSTRALIA     AUD
XXXXXXXXXXXX7654,4.00233E+14,55d66s77-17ce-44ad-a9e5-hhdjjs789s9h,Active,-322.6,Bank101 Platinum Card 101,5047837261,326.6,17/09/2024,2,USD,SWAMP/MRT                AUSTRALIA     AUD
XXXXXXXXXXXX8878,4.29332E+14,hd77s88s-f148-4701-8697-hdjjs7776f5gh,Active,-156.07,Bank101 Platinum Card 101,6574839274,157.07,17/09/2024,0,USD,SWAMP/MRT                AUSTRALIA     AUD
XXXXXXXXXXXX4434,6.31338E+14,jd88sggh-fd7f-4285-b625-hd77s88shdjk,Active,-5.1,Bank101 Platinum Card 101,6457383638,241.1,17/09/2024,1,USD,UBERISH          LOCATION PLACE ZIM
XXXXXXXXXXXX3452,6.7424E+14,hd77s66s-c3e0-44c3-900e-hd775s44a56d,Inactive,-81.99,Bank101 Platinum Card 101,4456474638,150.54,17/09/2024,2,USD,UBERISH          LOCATION PLACE ZIM
